subject_id,community
NDAR_INV003RTV85,3
NDAR_INV007W6H7B,3
NDAR_INV00BD7VDC,4
NDAR_INV00HEV6HB,2
NDAR_INV00LH735Y,5
NDAR_INV00R4TXET,3
NDAR_INV00U4FTRU,2
NDAR_INV01AJ15N9,1
NDAR_INV01ELX9L6,0
NDAR_INV01EN91PG,1
NDAR_INV01RGTWD2,1
NDAR_INV01Z8HAPV,5
NDAR_INV028D3ELL,6
NDAR_INV02RCED7D,1
NDAR_INV02UVMTY7,0
NDAR_INV02WP3TP6,3
NDAR_INV030W95VP,1
NDAR_INV030X9ZNH,2
NDAR_INV03BDCNWM,3
NDAR_INV040B4TRC,1
NDAR_INV04GAB2AA,5
NDAR_INV04JY6730,4
NDAR_INV05ATJ1V1,1
NDAR_INV05CA3VX5,1
NDAR_INV05LGG3GZ,1
NDAR_INV05YY477E,4
NDAR_INV06A9DLE9,1
NDAR_INV06BKAHN5,0
NDAR_INV06WHVUPX,1
NDAR_INV07924XF1,0
NDAR_INV07K2M5P4,0
NDAR_INV07THBLHG,3
NDAR_INV07XXFHDK,1
NDAR_INV086U18RD,0
NDAR_INV0889M0JE,2
NDAR_INV08AT7TLH,1
NDAR_INV08DNLREC,5
NDAR_INV08FUB58A,3
NDAR_INV08K0R9C4,5
NDAR_INV08K8VF33,1
NDAR_INV08R2PTT1,1
NDAR_INV094UXV0J,3
NDAR_INV095EVLDD,3
NDAR_INV09AEBLZH,3
NDAR_INV09AKV10T,2
NDAR_INV09AUXBBT,6
NDAR_INV09C3ZNFZ,0
NDAR_INV0A86UD86,3
NDAR_INV0APJMRD1,0
NDAR_INV0BL9EL2Y,1
NDAR_INV0BVP2PTD,3
NDAR_INV0C471G23,4
NDAR_INV0C765WK4,5
NDAR_INV0CBFTKR7,3
NDAR_INV0CCVJ39W,6
NDAR_INV0CFR33F0,6
NDAR_INV0CV2Y4YR,1
NDAR_INV0D4C1R8X,1
NDAR_INV0D83M5VE,0
NDAR_INV0DC9BJZK,0
NDAR_INV0DG8XR2P,1
NDAR_INV0DJJP33V,1
NDAR_INV0DUXE0ZA,1
NDAR_INV0DVK13LU,0
NDAR_INV0E9UFT0K,0
NDAR_INV0EVRF8BN,5
NDAR_INV0EXY6KFW,3
NDAR_INV0F3UJ9CT,3
NDAR_INV0F959U85,5
NDAR_INV0G2N59GL,5
NDAR_INV0GGJJ4H9,2
NDAR_INV0GPKYMDC,5
NDAR_INV0GUTM6AM,2
NDAR_INV0GVW93X6,1
NDAR_INV0GWJ7GFF,1
NDAR_INV0GZ334XA,1
NDAR_INV0GZM9UZJ,1
NDAR_INV0H05G0TR,2
NDAR_INV0HH094Z9,2
NDAR_INV0HL5D3DF,3
NDAR_INV0HVEVD01,6
NDAR_INV0HXXANFJ,0
NDAR_INV0JRNB4U4,0
NDAR_INV0JVUB582,0
NDAR_INV0JWEE23L,3
NDAR_INV0JXBZBV9,1
NDAR_INV0L3VJZEL,6
NDAR_INV0L7K5UMC,2
NDAR_INV0L7XB3AW,2
NDAR_INV0L974J49,0
NDAR_INV0N289PCW,0
NDAR_INV0N4E3EM7,3
NDAR_INV0N5WVJ17,0
NDAR_INV0NLL2KYE,1
NDAR_INV0NR55WME,1
NDAR_INV0P0GTDY0,0
NDAR_INV0P2ZCYPM,1
NDAR_INV0P34UPZ9,3
NDAR_INV0PJ81CA5,5
NDAR_INV0PKCP1P3,0
NDAR_INV0RHLKA9M,0
NDAR_INV0T7889MV,0
NDAR_INV0TJZ2RA3,0
NDAR_INV0TRD5ZK4,4
NDAR_INV0UEA3Z9E,3
NDAR_INV0UPRUMA1,2
NDAR_INV0UPVEC1J,1
NDAR_INV0V80916L,1
NDAR_INV0V9W14U5,1
NDAR_INV0VXEC29A,0
NDAR_INV0VY70352,1
NDAR_INV0W00RU2X,0
NDAR_INV0W4PR2WT,1
NDAR_INV0W4WA8RV,0
NDAR_INV0WAF57A4,1
NDAR_INV0WTM31V7,1
NDAR_INV0X4A2LKW,3
NDAR_INV0X59EG8X,0
NDAR_INV0XDBADBW,5
NDAR_INV0XM20K74,2
NDAR_INV0XTAYD1B,5
NDAR_INV0XU7Z6RH,0
NDAR_INV0XVGNCYR,0
NDAR_INV0Y2153YG,0
NDAR_INV0YMH4BW6,0
NDAR_INV0YVKYMJX,6
NDAR_INV0ZAYELPK,1
NDAR_INV0ZTJ2432,4
NDAR_INV101HGWPC,6
NDAR_INV102P9DCN,1
NDAR_INV109GUWFN,3
NDAR_INV10DN9UHY,4
NDAR_INV10J5M8LB,1
NDAR_INV10KHJFTG,2
NDAR_INV10RNF3BK,3
NDAR_INV10T1UELH,4
NDAR_INV10TEADFM,0
NDAR_INV112R12P1,6
NDAR_INV1147ELD2,2
NDAR_INV12NED96V,0
NDAR_INV12WR8W3U,5
NDAR_INV1306ZGW1,1
NDAR_INV1378XGLA,6
NDAR_INV139PZ31D,1
NDAR_INV13AC41PB,0
NDAR_INV13FP25D3,3
NDAR_INV13GH02YK,1
NDAR_INV13LFMTL6,3
NDAR_INV13PRF0TM,0
NDAR_INV145EPB4G,0
NDAR_INV14992W6G,2
NDAR_INV14PHMUNU,4
NDAR_INV14ZFCHTA,4
NDAR_INV1510CJF1,3
NDAR_INV15M33G49,3
NDAR_INV15YZBNE0,4
NDAR_INV165XZRTA,0
NDAR_INV16C687G5,3
NDAR_INV170X8DA0,1
NDAR_INV173ZYYKX,4
NDAR_INV174LD3GC,3
NDAR_INV17K4X0WD,0
NDAR_INV18BE29T0,0
NDAR_INV18H0Y70H,6
NDAR_INV18KYVZ3C,3
NDAR_INV18RUWAJN,5
NDAR_INV18X6GN95,2
NDAR_INV18YX7994,0
NDAR_INV1962GTLL,1
NDAR_INV19FYU534,0
NDAR_INV19LRBB0U,4
NDAR_INV1A1Y0V5X,0
NDAR_INV1AFNKM8M,2
NDAR_INV1AKMLL9A,0
NDAR_INV1APPZYY8,0
NDAR_INV1AURDG78,3
NDAR_INV1AYVNP3L,3
NDAR_INV1B7G7LND,6
NDAR_INV1BE1UD48,1
NDAR_INV1BHHLZ52,1
NDAR_INV1BTYWJDX,5
NDAR_INV1CCL4UAD,5
NDAR_INV1CGKKTM5,3
NDAR_INV1CRC8UTU,1
NDAR_INV1CYTVBWT,4
NDAR_INV1D42VFML,4
NDAR_INV1D6G642B,1
NDAR_INV1DZ2VF5K,0
NDAR_INV1DZWFKCG,1
NDAR_INV1E4F8UMB,2
NDAR_INV1EECRFPM,1
NDAR_INV1ELP5894,0
NDAR_INV1ENGFTE3,2
NDAR_INV1EZ26N40,3
NDAR_INV1F6MVGKL,0
NDAR_INV1FDC7YAJ,0
NDAR_INV1FGX3DL8,0
NDAR_INV1FT79EHP,0
NDAR_INV1FW43D9V,3
NDAR_INV1G6W1PLY,2
NDAR_INV1GDLVYHH,3
NDAR_INV1GJJVVLZ,5
NDAR_INV1H63RRB3,0
NDAR_INV1JAFHY62,3
NDAR_INV1JC1WW5Y,1
NDAR_INV1JERB432,4
NDAR_INV1JXDFV9Z,0
NDAR_INV1JZ17724,5
NDAR_INV1K2D2FB3,1
NDAR_INV1K3LDK3L,1
NDAR_INV1KHXW139,6
NDAR_INV1KP8VFVR,0
NDAR_INV1KX54GYB,4
NDAR_INV1KZKJNFD,0
NDAR_INV1L1ZCWL5,0
NDAR_INV1LMYDNRY,0
NDAR_INV1LRNM6EU,1
NDAR_INV1MGXHNDZ,5
NDAR_INV1ML5RVV4,1
NDAR_INV1MZ6AG9P,3
NDAR_INV1N0V1BUP,0
NDAR_INV1NBATKW5,2
NDAR_INV1NJK6BVY,0
NDAR_INV1NV489TJ,0
NDAR_INV1NZMD6UK,2
NDAR_INV1P4JN8JH,1
NDAR_INV1PE0ZVR4,2
NDAR_INV1R4G3839,5
NDAR_INV1R5PJCK4,0
NDAR_INV1R97KJ7J,2
NDAR_INV1RC54TNX,2
NDAR_INV1RE32C3R,4
NDAR_INV1T4GDEXG,0
NDAR_INV1TM2HNZW,4
NDAR_INV1TRH3MMU,0
NDAR_INV1U4C4M56,0
NDAR_INV1U54HX62,3
NDAR_INV1U58UMN8,2
NDAR_INV1V08GVK8,1
NDAR_INV1V7XPJKR,0
NDAR_INV1VCF7KC6,2
NDAR_INV1VCGLA8W,0
NDAR_INV1VKHC02B,3
NDAR_INV1VM14D0X,1
NDAR_INV1VMB1ZYW,4
NDAR_INV1VVMK6CP,2
NDAR_INV1VZJUUZ9,1
NDAR_INV1W2D4CFP,1
NDAR_INV1W5TLB74,1
NDAR_INV1WED9TPM,2
NDAR_INV1WUAF4RW,1
NDAR_INV1WVHVGH7,3
NDAR_INV1XLM62BZ,0
NDAR_INV1YWMB9TV,1
NDAR_INV1Z2F3AA0,2
NDAR_INV1ZK55NV1,0
NDAR_INV1ZKDLXEY,0
NDAR_INV1ZMY808V,4
NDAR_INV20453XZE,0
NDAR_INV2051NM7L,2
NDAR_INV20GGC8X5,0
NDAR_INV20KZBB9N,1
NDAR_INV21BW63DB,0
NDAR_INV21EBHGF9,1
NDAR_INV21ZAXTA3,1
NDAR_INV229XUWRH,1
NDAR_INV22BFDVEJ,0
NDAR_INV22C4YKXN,0
NDAR_INV22E7G6BN,0
NDAR_INV22GE0DMV,3
NDAR_INV22GRHDPN,0
NDAR_INV2358EMKW,0
NDAR_INV23E4LDJX,0
NDAR_INV23PJ8ECJ,1
NDAR_INV23XF318V,1
NDAR_INV23XHKMH5,4
NDAR_INV23XZD51D,0
NDAR_INV243VF1J7,1
NDAR_INV24D005FC,1
NDAR_INV24LWV4C5,1
NDAR_INV24MJ2521,2
NDAR_INV2547FH92,2
NDAR_INV25D23GPR,2
NDAR_INV25UXU689,0
NDAR_INV263A3T6P,0
NDAR_INV263W8YMY,5
NDAR_INV26AW8K7K,1
NDAR_INV26YB6ZJ9,2
NDAR_INV273EJWMX,3
NDAR_INV279N3WC9,1
NDAR_INV27BUCF9E,0
NDAR_INV27EPWLDM,2
NDAR_INV27NJ4UJ7,5
NDAR_INV27NU4CMC,2
NDAR_INV27P8BVEW,0
NDAR_INV28X60X09,6
NDAR_INV28X6J47M,3
NDAR_INV28YL6NAY,3
NDAR_INV29299DLJ,1
NDAR_INV29MZKR3H,1
NDAR_INV29Y8ZRVC,0
NDAR_INV29YF00DM,0
NDAR_INV2A5C0KWW,4
NDAR_INV2ACJBYFC,4
NDAR_INV2AD1P5NV,0
NDAR_INV2AL204UB,6
NDAR_INV2AT88DBZ,0
NDAR_INV2B2ZBYTJ,0
NDAR_INV2B7P1TMR,1
NDAR_INV2B9KMD5C,5
NDAR_INV2BBMM5MF,0
NDAR_INV2BJ826W8,0
NDAR_INV2BPVXTH3,0
NDAR_INV2BUTEB8U,0
NDAR_INV2C2HN3CL,4
NDAR_INV2C7F1286,0
NDAR_INV2CEAK559,5
NDAR_INV2CK4MB02,4
NDAR_INV2CVVEP68,2
NDAR_INV2CVWTNF7,1
NDAR_INV2D6AVBFY,5
NDAR_INV2DBPLRUD,3
NDAR_INV2DTHE81G,4
NDAR_INV2DZUL8LC,0
NDAR_INV2E5NFGXW,1
NDAR_INV2E77XGT6,3
NDAR_INV2E8R4820,0
NDAR_INV2EJZCHYV,0
NDAR_INV2ETV199X,2
NDAR_INV2F729N9A,0
NDAR_INV2FMXCB35,3
NDAR_INV2FRF2URF,1
NDAR_INV2FTTVR8J,3
NDAR_INV2FV7FT02,5
NDAR_INV2FV9YY14,3
NDAR_INV2FXB1E4J,1
NDAR_INV2G3T7XUL,2
NDAR_INV2GN2TPG7,1
NDAR_INV2GPZ2973,0
NDAR_INV2GR8F963,4
NDAR_INV2GRXYP02,0
NDAR_INV2H0FM634,3
NDAR_INV2H0H09CW,0
NDAR_INV2H704HJD,3
NDAR_INV2HCFH1VL,3
NDAR_INV2HLV10CC,4
NDAR_INV2J19HL2V,3
NDAR_INV2J8WHJ3R,1
NDAR_INV2JRRX50R,0
NDAR_INV2K0TR221,3
NDAR_INV2K16Y0LC,2
NDAR_INV2KJNX54B,1
NDAR_INV2KZR1A9A,0
NDAR_INV2L17MHHT,1
NDAR_INV2L40420R,4
NDAR_INV2LA00BUD,3
NDAR_INV2LD0E2FB,0
NDAR_INV2LL2Y78J,2
NDAR_INV2MEH8NFX,1
NDAR_INV2MH3HPHP,5
NDAR_INV2MMJJTBJ,3
NDAR_INV2N0CBXE8,0
NDAR_INV2NGBYVBP,3
NDAR_INV2NLERKN7,0
NDAR_INV2NMMXZ45,4
NDAR_INV2NVAXBZL,4
NDAR_INV2NZV8ELL,1
NDAR_INV2P2LLTJC,0
NDAR_INV2P3B9TGH,5
NDAR_INV2P48F0JJ,6
NDAR_INV2P5R504F,3
NDAR_INV2PFVV0YJ,1
NDAR_INV2PG9W3G7,3
NDAR_INV2R403NWA,0
NDAR_INV2RCE88HL,3
NDAR_INV2RJ8ZRGL,0
NDAR_INV2RVWB0HM,4
NDAR_INV2T1G705T,1
NDAR_INV2TGLF2NG,3
NDAR_INV2TMKUVW7,3
NDAR_INV2TRERCDA,0
NDAR_INV2TTD2LB2,3
NDAR_INV2U3DNEET,5
NDAR_INV2U59DP6L,3
NDAR_INV2U88LX3T,3
NDAR_INV2V8997BF,1
NDAR_INV2VGE4HK8,1
NDAR_INV2VHU0WU5,0
NDAR_INV2VJF8M3C,0
NDAR_INV2VPV9219,4
NDAR_INV2VY7YYNW,0
NDAR_INV2W4EY7DK,3
NDAR_INV2W4HNGV7,0
NDAR_INV2X02MDU2,0
NDAR_INV2XGC3LN5,3
NDAR_INV2YBXVCKR,3
NDAR_INV2YH5GYE4,6
NDAR_INV2YJD21VH,3
NDAR_INV2ZAMNE5F,0
NDAR_INV2ZCZ5TAL,5
NDAR_INV2ZG81XAB,4
NDAR_INV2ZJXDTEL,0
NDAR_INV302FDTJF,3
NDAR_INV303R5G9A,1
NDAR_INV3072CP0C,3
NDAR_INV3093VDLX,0
NDAR_INV31CVPC8B,5
NDAR_INV31NMMY4J,3
NDAR_INV3220ZV0N,4
NDAR_INV32KLKRZC,5
NDAR_INV32M7D88U,4
NDAR_INV32P8UGE7,0
NDAR_INV32WKK9XE,0
NDAR_INV3385AZ13,0
NDAR_INV33AC40WZ,0
NDAR_INV348PDVUL,6
NDAR_INV34BZY5KP,0
NDAR_INV34H78073,4
NDAR_INV34HCN2RW,3
NDAR_INV34MJX0NC,0
NDAR_INV34RL3DRG,1
NDAR_INV34YGA6HN,3
NDAR_INV355PUM5E,0
NDAR_INV35DUHZ83,0
NDAR_INV35UXPP43,1
NDAR_INV35ZTAGD8,0
NDAR_INV3617ZB48,2
NDAR_INV361NRHEX,2
NDAR_INV36E4JVZ2,0
NDAR_INV36K7YFLB,0
NDAR_INV36UHVKLZ,1
NDAR_INV36ZD3NZC,4
NDAR_INV37AGV6H4,6
NDAR_INV37E785RU,2
NDAR_INV37FTP2A7,0
NDAR_INV37MKKJBX,2
NDAR_INV38MDKPJC,3
NDAR_INV38TUEK9N,0
NDAR_INV38UUC1PC,3
NDAR_INV39DNG05T,3
NDAR_INV39L4VX1P,0
NDAR_INV39R1KUT6,1
NDAR_INV39Z29MG3,5
NDAR_INV3A81U14B,0
NDAR_INV3ACT8TYV,4
NDAR_INV3B1CZ5GM,1
NDAR_INV3B1PKLZM,1
NDAR_INV3B70AX8C,0
NDAR_INV3B78K6LY,0
NDAR_INV3BF8GG8A,5
NDAR_INV3BJF2R7E,2
NDAR_INV3BLPP0EZ,3
NDAR_INV3CE271ET,0
NDAR_INV3CF4D0FF,1
NDAR_INV3CUDM6MC,0
NDAR_INV3CVRZ501,4
NDAR_INV3DAXLFDY,4
NDAR_INV3DDJKN73,0
NDAR_INV3DMNEA3Z,0
NDAR_INV3F2L795H,0
NDAR_INV3F6NJ6WW,5
NDAR_INV3FP11AFU,1
NDAR_INV3FZNFM1H,5
NDAR_INV3G92P847,2
NDAR_INV3GFD7GXB,0
NDAR_INV3GZNM6F8,5
NDAR_INV3H54D8DK,3
NDAR_INV3H5U1V47,0
NDAR_INV3H81JJ1U,3
NDAR_INV3HJUHZX1,2
NDAR_INV3HV5ZJLJ,1
NDAR_INV3JYXAP1H,0
NDAR_INV3KBYKMJ2,0
NDAR_INV3KTW4M91,3
NDAR_INV3KZATZ7M,2
NDAR_INV3L9YHDDK,5
NDAR_INV3LTP4JU7,1
NDAR_INV3MANP3Y8,2
NDAR_INV3MJ73KP6,3
NDAR_INV3MNR8TC0,5
NDAR_INV3MR1M0V3,0
NDAR_INV3N0KGZ5G,0
NDAR_INV3N6L8Z9U,2
NDAR_INV3NGLDPCG,2
NDAR_INV3NMH509V,3
NDAR_INV3NT6ML17,3
NDAR_INV3NVPPNEE,4
NDAR_INV3P1U2ABW,0
NDAR_INV3P7MECT8,1
NDAR_INV3PJ552TW,6
NDAR_INV3PKXFBNU,1
NDAR_INV3RXJAR68,3
NDAR_INV3RZ11T2M,1
NDAR_INV3TG667EC,3
NDAR_INV3TKL2EYB,1
NDAR_INV3TMCHLA7,3
NDAR_INV3TRN51XL,2
NDAR_INV3TT997HJ,0
NDAR_INV3TYW27P3,2
NDAR_INV3U3CWTNF,2
NDAR_INV3UNMBY32,0
NDAR_INV3UPL5YML,4
NDAR_INV3UW7BCN8,3
NDAR_INV3V05U0Z7,0
NDAR_INV3VAXZUWK,1
NDAR_INV3VGP47P6,0
NDAR_INV3VNNK2J3,5
NDAR_INV3WA4PYL5,4
NDAR_INV3WDYMBWU,2
NDAR_INV3WHJ0U6T,1
NDAR_INV3WMHUK7W,2
NDAR_INV3WXXPJKW,2
NDAR_INV3X1TYL13,1
NDAR_INV3X48ZM73,0
NDAR_INV3XM1RJF0,4
NDAR_INV3XMEM8L9,1
NDAR_INV3XNNBDPH,4
NDAR_INV3XVWEYUY,5
NDAR_INV3XW4NJJV,0
NDAR_INV3XZKYEVA,3
NDAR_INV3Y5UF4TX,0
NDAR_INV3YDKCAH1,4
NDAR_INV3YJ5XDU0,5
NDAR_INV3YKLWXF1,0
NDAR_INV3YXD8CTZ,1
NDAR_INV3Z6H844T,2
NDAR_INV3ZHEYRWE,1
NDAR_INV3ZPDZ9KU,0
NDAR_INV3ZUH1ZHD,5
NDAR_INV405DYFXP,0
NDAR_INV40J0R30V,0
NDAR_INV40T7TX7X,3
NDAR_INV415JRYRK,0
NDAR_INV41KABJ1Z,2
NDAR_INV41TZ179J,5
NDAR_INV41U1CNA9,0
NDAR_INV41ZBCH48,4
NDAR_INV4208ZTJH,2
NDAR_INV425E5RC6,0
NDAR_INV42J1GB3Y,0
NDAR_INV42N70P8A,0
NDAR_INV43AFH5U4,1
NDAR_INV43DEA5HT,1
NDAR_INV43P39GXX,0
NDAR_INV43VJ4GZ1,2
NDAR_INV4422DGC4,0
NDAR_INV449WT7FF,3
NDAR_INV44A0LV53,1
NDAR_INV44AD8TE0,5
NDAR_INV44K29WLN,3
NDAR_INV44WLHHC1,0
NDAR_INV459DR5EV,6
NDAR_INV45BG08PF,3
NDAR_INV45F6VJ4T,2
NDAR_INV45HV5L52,0
NDAR_INV45ZYAREH,3
NDAR_INV46BR319Y,3
NDAR_INV46VFKP3F,6
NDAR_INV476NCATP,1
NDAR_INV47RJB7Z0,1
NDAR_INV48FCH9BT,1
NDAR_INV48LY4MLX,3
NDAR_INV493AHEA8,0
NDAR_INV4A443KDZ,3
NDAR_INV4AP9GM2Z,0
NDAR_INV4AY58X03,0
NDAR_INV4B0U03EB,5
NDAR_INV4BA28Y80,3
NDAR_INV4BAX2G31,5
NDAR_INV4BB6Z0VU,5
NDAR_INV4BK6Y7VR,3
NDAR_INV4BPHYB7J,5
NDAR_INV4BRVTNUE,1
NDAR_INV4BU3CBM5,0
NDAR_INV4CB96L7N,0
NDAR_INV4CFUY1KU,2
NDAR_INV4CLN1AC5,0
NDAR_INV4D6F5KCG,1
NDAR_INV4EHL4L0L,1
NDAR_INV4EJ61L2C,2
NDAR_INV4EKBZJTW,2
NDAR_INV4ET3VY02,4
NDAR_INV4F8LNY2K,4
NDAR_INV4F95WY7X,1
NDAR_INV4FBVLRNU,1
NDAR_INV4FMVZLLG,1
NDAR_INV4FXLVCG4,5
NDAR_INV4G06713D,3
NDAR_INV4G19G9J8,5
NDAR_INV4G3AXX1X,1
NDAR_INV4G3XF9GX,0
NDAR_INV4GG3D33R,2
NDAR_INV4GHXF68C,1
NDAR_INV4GL2HZC0,0
NDAR_INV4H3YKMX6,0
NDAR_INV4H6UC2YG,2
NDAR_INV4H880493,0
NDAR_INV4HUTD0B9,0
NDAR_INV4HX3418K,3
NDAR_INV4JAZBMAX,5
NDAR_INV4JHN1XBR,4
NDAR_INV4JVM9WML,4
NDAR_INV4KRWWP18,1
NDAR_INV4LF63ATG,1
NDAR_INV4LPXB23R,0
NDAR_INV4M3N3TW1,4
NDAR_INV4M8E1EGF,3
NDAR_INV4ME5JJPC,1
NDAR_INV4MK3V5ZU,2
NDAR_INV4MLW19DR,1
NDAR_INV4NBKWH5N,5
NDAR_INV4NC05L4V,0
NDAR_INV4NPWH7C3,4
NDAR_INV4P1Z8PCT,5
NDAR_INV4P23T4RH,3
NDAR_INV4P46R5XT,4
NDAR_INV4P5P4UP1,2
NDAR_INV4P9B9PGN,3
NDAR_INV4PBLR1XV,0
NDAR_INV4PERLVAB,4
NDAR_INV4R6E4A06,5
NDAR_INV4R9BND6G,2
NDAR_INV4RE6L62Z,3
NDAR_INV4RFZF7PZ,2
NDAR_INV4RW0XZTG,3
NDAR_INV4TK6P8E5,1
NDAR_INV4TMZ755N,2
NDAR_INV4UL7Y7JT,4
NDAR_INV4UVUKCDA,2
NDAR_INV4UZ5M3N6,1
NDAR_INV4UZ9DDJH,1
NDAR_INV4V78W98J,0
NDAR_INV4VGF410X,2
NDAR_INV4VVDH6YT,4
NDAR_INV4VX4LN70,1
NDAR_INV4W2U0GZN,1
NDAR_INV4WLLVCRR,1
NDAR_INV4WU2W91W,3
NDAR_INV4WVG1PZM,1
NDAR_INV4X19HRWY,5
NDAR_INV4X6J651P,0
NDAR_INV4X6RKLNJ,3
NDAR_INV4XF3MZ2T,0
NDAR_INV4XMBYXGP,0
NDAR_INV4XTD87JK,3
NDAR_INV4Y3D04RT,0
NDAR_INV4YF8CTPA,3
NDAR_INV4YH8H7KU,5
NDAR_INV4YL383FF,3
NDAR_INV4YVTN782,1
NDAR_INV4Z6WBWBG,3
NDAR_INV4Z7P5V1J,0
NDAR_INV4ZAN961T,1
NDAR_INV4ZPG6HXX,3
NDAR_INV4ZV4U25B,3
NDAR_INV506NRV4C,0
NDAR_INV50A1BC7T,1
NDAR_INV50C4P125,1
NDAR_INV50P8MAGW,2
NDAR_INV50UAMBFC,3
NDAR_INV50UATGZM,0
NDAR_INV50VKA9BE,3
NDAR_INV512RTCH1,1
NDAR_INV515GDP15,3
NDAR_INV51EYYMEY,1
NDAR_INV51G1DFV9,1
NDAR_INV51GZ9MPP,3
NDAR_INV51W3Y9EW,4
NDAR_INV51ZUKMA3,1
NDAR_INV52034BGR,1
NDAR_INV52K3HFFN,5
NDAR_INV5310Z6E2,1
NDAR_INV533LN4K1,2
NDAR_INV533LX1UY,0
NDAR_INV53AA4BL6,3
NDAR_INV53BA6MNE,0
NDAR_INV53EP1G5X,2
NDAR_INV54AFKCAX,1
NDAR_INV54DNDTDX,3
NDAR_INV54EF1FZJ,0
NDAR_INV54U1B199,3
NDAR_INV54VT5R72,1
NDAR_INV54WD6UV3,1
NDAR_INV552D9NA7,2
NDAR_INV557PKJKJ,2
NDAR_INV55BK5ZXT,0
NDAR_INV55K37VGA,0
NDAR_INV55NJ5JK5,5
NDAR_INV55XTBJ9D,1
NDAR_INV568NJFWJ,0
NDAR_INV56J3P7WJ,2
NDAR_INV56KML05T,3
NDAR_INV56P2568B,3
NDAR_INV56TWKCTL,0
NDAR_INV56UZU99J,0
NDAR_INV56YBTJHF,2
NDAR_INV56YTNZ4V,1
NDAR_INV57F63WRL,0
NDAR_INV57R7NE0T,0
NDAR_INV57V4LC2W,0
NDAR_INV57YDKB4W,3
NDAR_INV581KGKG6,0
NDAR_INV583EKH0A,3
NDAR_INV5890XJCZ,1
NDAR_INV58G3ZX3W,0
NDAR_INV58GL6F39,3
NDAR_INV58P73L9E,0
NDAR_INV58V0LMM9,1
NDAR_INV58VGXCL7,3
NDAR_INV58XVZFMC,2
NDAR_INV591LR2LK,1
NDAR_INV5974KV94,0
NDAR_INV59C49NWM,0
NDAR_INV59K6Y5TC,0
NDAR_INV59KP7TG2,6
NDAR_INV59MJGL9R,0
NDAR_INV5A1EKVU6,0
NDAR_INV5A2VREUG,3
NDAR_INV5A88A0JW,3
NDAR_INV5B0XG3JG,2
NDAR_INV5B32UHDY,1
NDAR_INV5BA97WFG,2
NDAR_INV5BF7P17A,4
NDAR_INV5BJZW7MU,2
NDAR_INV5C2HRHM2,0
NDAR_INV5C9WJ4B3,1
NDAR_INV5CAAJ5TK,5
NDAR_INV5CAU9Y0N,2
NDAR_INV5CAVZWXG,0
NDAR_INV5D1E6KMW,5
NDAR_INV5D4ADKUR,5
NDAR_INV5DJB583J,1
NDAR_INV5DNKJ4H4,0
NDAR_INV5DW63RTW,2
NDAR_INV5EY0WLBP,4
NDAR_INV5F2R3TL8,0
NDAR_INV5F786HZ9,2
NDAR_INV5FDXAA9F,0
NDAR_INV5FTGCUDV,5
NDAR_INV5FY23Y7U,1
NDAR_INV5G2YX7EG,0
NDAR_INV5G3DP835,0
NDAR_INV5G5KBE3H,4
NDAR_INV5GAREWU2,1
NDAR_INV5GM4X9AB,3
NDAR_INV5H1AW18P,4
NDAR_INV5HER88YM,4
NDAR_INV5HRL29UE,2
NDAR_INV5J1VTUME,0
NDAR_INV5J93LHWW,0
NDAR_INV5JKLGU54,0
NDAR_INV5JMX50MK,1
NDAR_INV5KKUBDAY,2
NDAR_INV5KTH90ED,3
NDAR_INV5L65JM7L,6
NDAR_INV5L7AU3X8,1
NDAR_INV5LKTCB6L,0
NDAR_INV5LX6W948,2
NDAR_INV5M9Y06N7,4
NDAR_INV5MFBJTBG,2
NDAR_INV5MJHVEB8,6
NDAR_INV5MRTJNYU,5
NDAR_INV5MXTGY8D,3
NDAR_INV5MYF77YV,0
NDAR_INV5N1N1DEL,3
NDAR_INV5N8A69PF,0
NDAR_INV5NHWRD1C,1
NDAR_INV5NNKMGJE,1
NDAR_INV5NU3KPN3,5
NDAR_INV5NZ2TBC7,2
NDAR_INV5NZW4ZBJ,4
NDAR_INV5P2UAGPW,3
NDAR_INV5PRF1M68,3
NDAR_INV5PU4UNRW,1
NDAR_INV5PY4J4XG,3
NDAR_INV5R43K02F,4
NDAR_INV5RYKZBC7,3
NDAR_INV5T6MEVTN,0
NDAR_INV5T85HNFX,1
NDAR_INV5TJZTXMY,0
NDAR_INV5TT4VN2V,6
NDAR_INV5U6LFRPZ,0
NDAR_INV5U7MX7KU,6
NDAR_INV5U8RGRGL,2
NDAR_INV5UAF6YMT,1
NDAR_INV5UBKJ57C,1
NDAR_INV5UCXG70X,0
NDAR_INV5UE7EYK6,1
NDAR_INV5UEM3B36,5
NDAR_INV5UYTUJ33,0
NDAR_INV5UZDXP10,3
NDAR_INV5V6LPP6X,3
NDAR_INV5VJHAFVK,0
NDAR_INV5VMC4WL1,4
NDAR_INV5VT1M6LF,5
NDAR_INV5VVD4E6G,3
NDAR_INV5VWTWJ9Y,0
NDAR_INV5WBZDXME,4
NDAR_INV5WLH822H,4
NDAR_INV5WPTZ0W9,0
NDAR_INV5X5TR2BK,0
NDAR_INV5X8TYY0W,2
NDAR_INV5XJMU584,1
NDAR_INV5XN1DB2X,1
NDAR_INV5XR88XGH,2
NDAR_INV5XV8TY4W,1
NDAR_INV5XZZKLKM,1
NDAR_INV5Y3DK6GX,3
NDAR_INV5YHWBYRD,0
NDAR_INV5YKVY4EN,1
NDAR_INV5Z57C4GY,1
NDAR_INV5ZHBV7HD,4
NDAR_INV5ZJBJZV9,0
NDAR_INV6012XAJ6,4
NDAR_INV6045WTHJ,0
NDAR_INV607MN0KZ,1
NDAR_INV60E1MMY6,3
NDAR_INV60JX28L4,0
NDAR_INV60TF6M3L,0
NDAR_INV60VLVXBP,5
NDAR_INV60X2U63K,0
NDAR_INV61RKCL4Y,0
NDAR_INV61VV3W6U,0
NDAR_INV61VX090A,5
NDAR_INV61ZHGXE4,6
NDAR_INV625BWGDB,4
NDAR_INV628TL13A,0
NDAR_INV62EUKL2P,0
NDAR_INV62EXXY99,2
NDAR_INV62G4MJ4G,4
NDAR_INV62K5R39F,5
NDAR_INV62VXCMPT,0
NDAR_INV63JMZ9HT,3
NDAR_INV63M0TP0H,1
NDAR_INV63MHPM68,5
NDAR_INV657UW3RF,2
NDAR_INV65CU9XVH,2
NDAR_INV65EH551L,3
NDAR_INV65V1Z314,5
NDAR_INV666M5VR8,1
NDAR_INV66B2RLDF,4
NDAR_INV66LWGDCB,4
NDAR_INV66XU9ULV,0
NDAR_INV677ED18Z,5
NDAR_INV679MKUFP,4
NDAR_INV67CCUNV4,3
NDAR_INV67G76XVR,1
NDAR_INV67GRP56R,2
NDAR_INV67J2H4Y1,0
NDAR_INV67KWVPR7,3
NDAR_INV67TUZJU7,1
NDAR_INV68UE7DYK,0
NDAR_INV68WXH24G,4
NDAR_INV68YKYYY5,1
NDAR_INV68ZA6HHA,4
NDAR_INV69EDG4B6,0
NDAR_INV69MBGCB3,1
NDAR_INV69UKEYVY,0
NDAR_INV6A0Z6DN6,2
NDAR_INV6A3945TH,4
NDAR_INV6A7ACK4N,0
NDAR_INV6ABHCVYT,1
NDAR_INV6AC2J61C,3
NDAR_INV6AK4GUVM,0
NDAR_INV6AP3YFJV,3
NDAR_INV6AR47APF,0
NDAR_INV6ARV4JZP,6
NDAR_INV6BE95J7K,1
NDAR_INV6C8NRRP1,3
NDAR_INV6CKN3XJT,0
NDAR_INV6CUNP3EL,2
NDAR_INV6D552CRB,2
NDAR_INV6DE6KC7V,2
NDAR_INV6DWNWHUF,0
NDAR_INV6E5JG9U4,1
NDAR_INV6E8NELFC,1
NDAR_INV6EJF2KCZ,4
NDAR_INV6F1LPHLT,2
NDAR_INV6FD78Z13,3
NDAR_INV6FH1EZP6,0
NDAR_INV6G0MHGHA,1
NDAR_INV6G6L9NXY,0
NDAR_INV6GMHV73C,1
NDAR_INV6H4LKF9P,4
NDAR_INV6H7448TR,0
NDAR_INV6HTEC707,0
NDAR_INV6HTXA830,3
NDAR_INV6HVN64HM,1
NDAR_INV6J2LL0DX,0
NDAR_INV6J4KCFWV,5
NDAR_INV6JA3GMT0,1
NDAR_INV6JFY5LBB,1
NDAR_INV6JJBMHZL,0
NDAR_INV6KDC9UJX,4
NDAR_INV6KEGPJ6J,1
NDAR_INV6KL1B4H0,0
NDAR_INV6KM1LGCB,4
NDAR_INV6KP3MKL1,2
NDAR_INV6KRBKZYB,1
NDAR_INV6KW88EPW,5
NDAR_INV6L8M5J2R,3
NDAR_INV6LMU82AJ,0
NDAR_INV6LPGM9UU,2
NDAR_INV6LR7XBTB,1
NDAR_INV6N1XNYN7,0
NDAR_INV6N349E4J,1
NDAR_INV6N503HJZ,4
NDAR_INV6NFVRHFA,1
NDAR_INV6NJ4UWH8,4
NDAR_INV6NR4NZWL,3
NDAR_INV6NYCB4Y6,0
NDAR_INV6P3M2G8K,2
NDAR_INV6P89KUD7,1
NDAR_INV6PUUHUTG,5
NDAR_INV6PWHXMEW,3
NDAR_INV6R35KCYL,1
NDAR_INV6R64U2H8,2
NDAR_INV6T7K85JU,2
NDAR_INV6TM6V4CG,6
NDAR_INV6U7JK69M,2
NDAR_INV6UPZCK82,4
NDAR_INV6UZL0D8M,6
NDAR_INV6VFFYA3R,0
NDAR_INV6VT5M0AL,0
NDAR_INV6VUN0VRU,0
NDAR_INV6W30KJMZ,1
NDAR_INV6WH2N8P4,3
NDAR_INV6WNHDWPU,5
NDAR_INV6WNLK5EN,1
NDAR_INV6WV9X2KM,1
NDAR_INV6XNGNVUC,3
NDAR_INV6XNN68K1,2
NDAR_INV6XYKHUD6,0
NDAR_INV6Y1WA4WE,1
NDAR_INV6YVYFKU7,1
NDAR_INV6Z7HVAJD,1
NDAR_INV6ZU9NKBV,0
NDAR_INV701F04JM,1
NDAR_INV704AUHWH,2
NDAR_INV704JUD94,0
NDAR_INV70EJ1089,3
NDAR_INV71580HYU,4
NDAR_INV71LY516E,1
NDAR_INV7203PRBW,5
NDAR_INV7239K1HB,4
NDAR_INV7261JZGE,0
NDAR_INV727KPM9N,1
NDAR_INV72J2TKB2,1
NDAR_INV72JP5LKF,3
NDAR_INV72N0GYL5,2
NDAR_INV72NE2AL6,5
NDAR_INV72PBFKDM,0
NDAR_INV73D1F1AM,2
NDAR_INV73P1LVTY,0
NDAR_INV73VBCJUJ,0
NDAR_INV73VTV7W4,3
NDAR_INV73ZVLFTC,3
NDAR_INV7466RMUA,4
NDAR_INV74A66FHC,4
NDAR_INV74MKXN03,1
NDAR_INV75RAY395,1
NDAR_INV75VFMGNT,1
NDAR_INV75Y0PRA7,1
NDAR_INV75ZYAV1X,0
NDAR_INV7616XCLL,2
NDAR_INV769BNJY5,5
NDAR_INV76K5LEL6,1
NDAR_INV76NR9YPR,2
NDAR_INV76XDC3CZ,0
NDAR_INV77L20NBP,3
NDAR_INV77M916PU,0
NDAR_INV77R50T8J,5
NDAR_INV784C061J,0
NDAR_INV788NL0CN,4
NDAR_INV78L0ZLZW,6
NDAR_INV78TL163B,1
NDAR_INV78ZMU14W,4
NDAR_INV792K6B34,5
NDAR_INV79KGLZX3,0
NDAR_INV79LXV51U,0
NDAR_INV7ACL01JV,4
NDAR_INV7AEDEPH8,0
NDAR_INV7AW78FJX,0
NDAR_INV7AYZ3UUP,0
NDAR_INV7B2V2JHN,3
NDAR_INV7B7LHAU0,3
NDAR_INV7B9VZ5UU,4
NDAR_INV7BB38F3D,0
NDAR_INV7BCF45XY,4
NDAR_INV7BTZH7L2,1
NDAR_INV7C262RWK,1
NDAR_INV7CAJVVXE,3
NDAR_INV7CB47GY8,5
NDAR_INV7CN47GEF,0
NDAR_INV7DU2R3J4,0
NDAR_INV7DUJG7N2,1
NDAR_INV7DY4B12E,1
NDAR_INV7E13LZN6,2
NDAR_INV7EGEBVF3,4
NDAR_INV7EZLVXDN,0
NDAR_INV7EZLY570,2
NDAR_INV7F064NWY,1
NDAR_INV7F555HX9,6
NDAR_INV7FC40YZ3,4
NDAR_INV7GDD5D2D,1
NDAR_INV7GYDJXB0,2
NDAR_INV7H4272VU,2
NDAR_INV7H784TK5,0
NDAR_INV7H8LD2B5,2
NDAR_INV7HF5AAL9,5
NDAR_INV7J250229,1
NDAR_INV7J3KXGBK,4
NDAR_INV7J4T7ZK4,1
NDAR_INV7J8EL4J8,2
NDAR_INV7JT2AK44,5
NDAR_INV7JTB8FL3,2
NDAR_INV7JUL4TDF,4
NDAR_INV7KBHVDUZ,3
NDAR_INV7KN1R7KK,4
NDAR_INV7KNCDTVE,1
NDAR_INV7KP7C6RB,0
NDAR_INV7KTCPBRC,0
NDAR_INV7L07LVXR,1
NDAR_INV7L18GGXH,5
NDAR_INV7L2M29CY,4
NDAR_INV7LB64CGV,0
NDAR_INV7LBEJR41,0
NDAR_INV7LKX2BU4,0
NDAR_INV7LMEMN09,4
NDAR_INV7LY97KWM,2
NDAR_INV7MGHKUJM,4
NDAR_INV7MR18DLV,0
NDAR_INV7MZN86PD,1
NDAR_INV7N96D4UW,0
NDAR_INV7NAGRWL5,1
NDAR_INV7NAURRCE,4
NDAR_INV7NJLRBPW,3
NDAR_INV7NKVRYKG,3
NDAR_INV7NVJNHRE,1
NDAR_INV7NW5NH08,0
NDAR_INV7PFNKMNM,2
NDAR_INV7PJVKVHV,2
NDAR_INV7R9KB5XY,0
NDAR_INV7RNULXT2,4
NDAR_INV7T9ULU2M,1
NDAR_INV7TENJYLH,5
NDAR_INV7TJ9713F,6
NDAR_INV7U0R6TL7,5
NDAR_INV7U9JKJT0,4
NDAR_INV7UVY9E4B,3
NDAR_INV7UWTN03J,2
NDAR_INV7V10F8LD,1
NDAR_INV7W71JDAD,0
NDAR_INV7WBW8TFG,0
NDAR_INV7WG3F8GT,3
NDAR_INV7WH96F72,1
NDAR_INV7WTD2B6V,1
NDAR_INV7XF3TWTY,4
NDAR_INV7XMDVMD9,1
NDAR_INV7XVXWCME,0
NDAR_INV7Y8GAZ1P,4
NDAR_INV7YJ6UFDB,1
NDAR_INV7YKXALB5,4
NDAR_INV7YZP2ZNL,0
NDAR_INV7Z9K6MEV,3
NDAR_INV802U9UW9,0
NDAR_INV804917DP,0
NDAR_INV80VAXPN1,5
NDAR_INV818A39LB,0
NDAR_INV81FXWN6L,0
NDAR_INV81L2CWB2,1
NDAR_INV81M94TWZ,0
NDAR_INV81W1WMVM,0
NDAR_INV82D8H4A0,5
NDAR_INV82HYA45D,0
NDAR_INV82N7RUVA,0
NDAR_INV8371H1L8,0
NDAR_INV83AEF5MM,0
NDAR_INV83MAXVLU,4
NDAR_INV83ZDBYTJ,3
NDAR_INV8491DRGC,3
NDAR_INV84EPJRY1,3
NDAR_INV84EPPR51,5
NDAR_INV84NCVEYA,1
NDAR_INV84V3NTN5,0
NDAR_INV854Y6WML,3
NDAR_INV859KRFB8,4
NDAR_INV85FZZDV1,1
NDAR_INV85REKKD1,0
NDAR_INV85UUUHN0,1
NDAR_INV85W3GP9V,3
NDAR_INV8666P5JN,3
NDAR_INV868A88PA,1
NDAR_INV86RR49HT,5
NDAR_INV870F1Z1N,0
NDAR_INV874HFG94,1
NDAR_INV87C4733D,0
NDAR_INV87L30DBB,0
NDAR_INV87XG4274,1
NDAR_INV88HZ7ZCH,1
NDAR_INV88JX7RKX,2
NDAR_INV891DYM0E,0
NDAR_INV897CW9GM,5
NDAR_INV898CW3V8,1
NDAR_INV89FBL8RM,3
NDAR_INV89HG7074,0
NDAR_INV89JWX730,2
NDAR_INV89ZP9REV,4
NDAR_INV8A1N51J2,4
NDAR_INV8AGDK03U,2
NDAR_INV8AMD17WG,0
NDAR_INV8AN54XEV,1
NDAR_INV8AW4KTUF,4
NDAR_INV8AWV40W3,4
NDAR_INV8BG4EF9Y,0
NDAR_INV8BK50DPV,4
NDAR_INV8BMGPD45,4
NDAR_INV8BMH9VM4,0
NDAR_INV8BNYHNBW,5
NDAR_INV8BU41UCM,5
NDAR_INV8CF2117B,5
NDAR_INV8CNEFJ83,1
NDAR_INV8CNPVNRX,2
NDAR_INV8CT52P5H,5
NDAR_INV8CW241FZ,0
NDAR_INV8D82AY7G,0
NDAR_INV8DJ5XGV5,5
NDAR_INV8DPZJA7V,3
NDAR_INV8DRXTTAT,0
NDAR_INV8DZWHUBC,0
NDAR_INV8E2WVMNK,0
NDAR_INV8E3TY3RU,1
NDAR_INV8E597FU6,2
NDAR_INV8E73MX03,1
NDAR_INV8EJT0HF6,1
NDAR_INV8EUP2KFK,0
NDAR_INV8EWZ9BDP,3
NDAR_INV8FTWL36D,3
NDAR_INV8FYWK4N5,0
NDAR_INV8FZ50F2N,0
NDAR_INV8H756ZWX,4
NDAR_INV8HJ6249P,1
NDAR_INV8J6JMUXE,1
NDAR_INV8JFJ11AG,1
NDAR_INV8JFP0XXH,1
NDAR_INV8JJXHDK8,0
NDAR_INV8JX18G49,0
NDAR_INV8K2DKV3D,5
NDAR_INV8KD4PFH7,2
NDAR_INV8KHWVMVW,2
NDAR_INV8KX9UXKE,1
NDAR_INV8L43BG60,0
NDAR_INV8L88HZVW,5
NDAR_INV8LAC5EVC,3
NDAR_INV8LAR07DB,5
NDAR_INV8LUWPYZD,6
NDAR_INV8M2Z9BTA,3
NDAR_INV8M3DC6NP,0
NDAR_INV8M3JENZ9,2
NDAR_INV8M54WJ04,3
NDAR_INV8M6K3LNP,0
NDAR_INV8MHLZCL8,3
NDAR_INV8MJUZ27T,1
NDAR_INV8MYFRL4J,5
NDAR_INV8MYP0F8J,1
NDAR_INV8N41W2W1,5
NDAR_INV8NRHNVZ9,2
NDAR_INV8P2DZ5TR,4
NDAR_INV8PM4DHGY,2
NDAR_INV8PMAFPCV,3
NDAR_INV8R4TWUN1,3
NDAR_INV8RKX7N9Y,3
NDAR_INV8RN0AJRP,2
NDAR_INV8RNZXR25,5
NDAR_INV8T0MD0HG,0
NDAR_INV8T2NUL38,4
NDAR_INV8TJPUWXP,4
NDAR_INV8TUJVDPE,4
NDAR_INV8U3ZUTV6,5
NDAR_INV8UF58XPK,1
NDAR_INV8V6BU6UP,2
NDAR_INV8VA4L6RD,0
NDAR_INV8VU3KZAR,0
NDAR_INV8W0LZJ4G,2
NDAR_INV8W7RDY0T,5
NDAR_INV8WBVLP6D,0
NDAR_INV8Y1VD9H7,0
NDAR_INV8Y8A8NU0,5
NDAR_INV8YAAWZ1X,2
NDAR_INV8YKR9JAK,1
NDAR_INV8YPT1XL0,1
NDAR_INV8YXW9AD2,2
NDAR_INV8Z3G152U,1
NDAR_INV8Z935ZNC,2
NDAR_INV8ZAB17TC,1
NDAR_INV8ZCTKXDR,2
NDAR_INV8ZT3LDTV,0
NDAR_INV90DJ18JF,3
NDAR_INV90EAVZED,0
NDAR_INV90MAZ9N7,0
NDAR_INV90RWGDAR,0
NDAR_INV90T8PKLB,5
NDAR_INV910NJYX0,5
NDAR_INV91NNHKF0,0
NDAR_INV91P92GNW,1
NDAR_INV91ZBKM4B,0
NDAR_INV920MEG9V,0
NDAR_INV925PNR1C,1
NDAR_INV92V7K5PE,0
NDAR_INV9316NFE7,0
NDAR_INV936LMN28,2
NDAR_INV93AY6461,0
NDAR_INV93D98KMC,5
NDAR_INV93JXKKF3,0
NDAR_INV93JYGAXC,6
NDAR_INV93KR583V,1
NDAR_INV94LUVVX8,3
NDAR_INV94N0G9TC,0
NDAR_INV94N4B0N9,0
NDAR_INV94NCJR76,1
NDAR_INV94V97129,0
NDAR_INV9553AJPG,3
NDAR_INV9593TAX5,2
NDAR_INV95L3764E,0
NDAR_INV95WR5KVA,4
NDAR_INV95YMR61C,0
NDAR_INV963N6B2W,2
NDAR_INV96536WUJ,4
NDAR_INV96WYY4C5,1
NDAR_INV96X5ZCCH,3
NDAR_INV974A9111,5
NDAR_INV97RBCNE4,3
NDAR_INV97YY6Y1R,1
NDAR_INV98M1KJUD,1
NDAR_INV99DBA2DJ,3
NDAR_INV99F38BWD,3
NDAR_INV99J6PWJX,1
NDAR_INV99KTC3NN,5
NDAR_INV99NA21PA,6
NDAR_INV99XGJFE8,0
NDAR_INV9A5TCA50,1
NDAR_INV9A6HTXF6,0
NDAR_INV9A7809ZH,4
NDAR_INV9A9TXNTZ,1
NDAR_INV9AD6NWVN,2
NDAR_INV9AEE483X,0
NDAR_INV9AMTA922,0
NDAR_INV9AP81GGJ,3
NDAR_INV9AWJE5BU,1
NDAR_INV9B3TN6RL,0
NDAR_INV9D6W29Z7,0
NDAR_INV9DJ99NND,5
NDAR_INV9DK0BCEB,0
NDAR_INV9DLWDBL9,5
NDAR_INV9DV0865Y,3
NDAR_INV9DWM4Z1U,1
NDAR_INV9DYPTPR7,5
NDAR_INV9E57ARM0,0
NDAR_INV9E8PXJ9L,5
NDAR_INV9EC8VLZC,2
NDAR_INV9EG02533,0
NDAR_INV9EM32PUW,0
NDAR_INV9EZZCWGY,0
NDAR_INV9F4G1M9E,5
NDAR_INV9F618PVY,5
NDAR_INV9F61BP6X,1
NDAR_INV9FKN8J61,0
NDAR_INV9FNUYHC2,4
NDAR_INV9FXBK9TB,0
NDAR_INV9G2Y1NLA,0
NDAR_INV9GH5YF96,5
NDAR_INV9GU6ALKJ,0
NDAR_INV9GUXU365,3
NDAR_INV9HB34LLU,0
NDAR_INV9HEMN0UL,4
NDAR_INV9HP92RX0,0
NDAR_INV9J0ZB3NY,0
NDAR_INV9JA8XUYX,0
NDAR_INV9JFKBC3X,0
NDAR_INV9JLEZ6WE,0
NDAR_INV9JPDLJ78,2
NDAR_INV9K086XZF,1
NDAR_INV9K1GRJNJ,3
NDAR_INV9K595FHA,1
NDAR_INV9KF0YHH2,3
NDAR_INV9KT9V114,4
NDAR_INV9KTD8UK1,1
NDAR_INV9KX83G7Z,6
NDAR_INV9L4P2RJJ,0
NDAR_INV9LZU5PJD,0
NDAR_INV9M8UXK0A,1
NDAR_INV9M8W1495,2
NDAR_INV9MAPUA7C,4
NDAR_INV9N9B1Z7A,0
NDAR_INV9NAL2XKV,6
NDAR_INV9NFYJG06,1
NDAR_INV9NN9PU4H,3
NDAR_INV9P1BKB6G,3
NDAR_INV9P7FV88J,2
NDAR_INV9PA518RY,0
NDAR_INV9PUA8D0B,1
NDAR_INV9PVJXVCK,3
NDAR_INV9PYFVDC9,1
NDAR_INV9R0Z0T45,1
NDAR_INV9R23N8LH,0
NDAR_INV9R2CE8M4,0
NDAR_INV9R536T7D,3
NDAR_INV9R5J1TC2,3
NDAR_INV9RWN9ZGX,4
NDAR_INV9T11JN9J,1
NDAR_INV9TE5V8TH,0
NDAR_INV9U32H2E4,2
NDAR_INV9UL0YHV1,0
NDAR_INV9URXZ3FM,5
NDAR_INV9UZXV6TK,1
NDAR_INV9V1RV3V5,4
NDAR_INV9V46ARXX,0
NDAR_INV9V4WNUEA,5
NDAR_INV9V9MLV7N,3
NDAR_INV9VGLAX8E,3
NDAR_INV9VU6KMC8,0
NDAR_INV9W3PU5P5,3
NDAR_INV9W6CZFBK,1
NDAR_INV9W7Y3VLX,0
NDAR_INV9WDTKY2A,4
NDAR_INV9WJ1WBFC,0
NDAR_INV9WKYUT0T,4
NDAR_INV9WPEG5AE,2
NDAR_INV9WT4F32B,0
NDAR_INV9X1R94EZ,1
NDAR_INV9X7P9U2G,0
NDAR_INV9X8VZ9R1,1
NDAR_INV9XA5VMF4,1
NDAR_INV9XHNUHUZ,0
NDAR_INV9XLY4VBC,3
NDAR_INV9XU9GFCB,1
NDAR_INV9YBX357L,0
NDAR_INV9YE4BWY8,2
NDAR_INV9YG9PWZ2,3
NDAR_INV9YZV41AE,5
NDAR_INV9Z2UV26Z,1
NDAR_INV9Z6E4FXG,2
NDAR_INV9Z6Z0441,1
NDAR_INV9ZFFC49P,1
NDAR_INV9ZLX5XU2,5
NDAR_INV9ZW7Y2R7,1
NDAR_INV9ZZA72ZY,2
NDAR_INVA001KGR6,3
NDAR_INVA05T670W,2
NDAR_INVA1018P2X,3
NDAR_INVA12JUH5Z,5
NDAR_INVA12WR7JP,0
NDAR_INVA1A2WJG5,0
NDAR_INVA1KXWA2W,2
NDAR_INVA1MV25KY,0
NDAR_INVA1PU5AHW,0
NDAR_INVA2KW69TW,4
NDAR_INVA2T7V5L9,4
NDAR_INVA2UL6VYN,2
NDAR_INVA2ZPZTJJ,1
NDAR_INVA31C7WYJ,1
NDAR_INVA354YMUE,3
NDAR_INVA4EVCYRA,0
NDAR_INVA4KJXLYH,2
NDAR_INVA4ZHJBK2,0
NDAR_INVA52LKE4U,1
NDAR_INVA5U7E8B5,5
NDAR_INVA6PN17HD,2
NDAR_INVA776K15W,4
NDAR_INVA79CZENJ,2
NDAR_INVA7E3XLG4,3
NDAR_INVA7NXF2HT,1
NDAR_INVA7WZE75W,1
NDAR_INVA81M2MAF,0
NDAR_INVA82HJRPA,1
NDAR_INVA89JYXF3,1
NDAR_INVA9E5RPZH,0
NDAR_INVA9REPBD4,5
NDAR_INVA9YBPFCH,4
NDAR_INVAA36AHWR,0
NDAR_INVAA78REX1,0
NDAR_INVAANB675J,5
NDAR_INVAB10CA5H,3
NDAR_INVAB3XR5P1,2
NDAR_INVAB4L113B,5
NDAR_INVAB4LD7PL,3
NDAR_INVABT9X85F,3
NDAR_INVAC8KCUT4,1
NDAR_INVAD9KK8P7,0
NDAR_INVADAE4UFN,1
NDAR_INVADJMFTFP,1
NDAR_INVADMNXPWH,3
NDAR_INVADXVJDCJ,4
NDAR_INVAEC3N2AL,2
NDAR_INVAEHDBWMH,2
NDAR_INVAELAXTM1,6
NDAR_INVAEMLZKT4,0
NDAR_INVAER4MX1D,2
NDAR_INVAF722ZVJ,3
NDAR_INVAFCVVYJ2,1
NDAR_INVAG81YFMT,0
NDAR_INVAGKUL2JG,5
NDAR_INVAH92KG8X,2
NDAR_INVAHUKGDEE,0
NDAR_INVAJ78XD39,0
NDAR_INVAJD3N43Z,1
NDAR_INVAJU25405,0
NDAR_INVAK6DKBUL,0
NDAR_INVAKCU5UPL,4
NDAR_INVAKF1Z0JV,5
NDAR_INVAKG9Z7UN,2
NDAR_INVAL3KPGZ7,1
NDAR_INVALAMYFP6,2
NDAR_INVALKAWEWB,0
NDAR_INVALTBLNYG,3
NDAR_INVAM1DW4J2,1
NDAR_INVAM8K670H,2
NDAR_INVAMJTLR9N,3
NDAR_INVAMW3EDUZ,4
NDAR_INVAMY9H571,3
NDAR_INVAN1CXXZF,4
NDAR_INVANT1H5G3,5
NDAR_INVAP0L6AHN,4
NDAR_INVAPL25X3B,6
NDAR_INVAR03WFKR,3
NDAR_INVAR90UWGC,0
NDAR_INVARHC5HBJ,0
NDAR_INVARJG7LG1,1
NDAR_INVARVF2D21,3
NDAR_INVAT01LBA6,3
NDAR_INVAT1UAHM3,3
NDAR_INVAT4Z1HCV,4
NDAR_INVATGH6WHA,5
NDAR_INVATM516LE,1
NDAR_INVAU57LP5P,4
NDAR_INVAU7FW44R,3
NDAR_INVAU8YJ8BH,1
NDAR_INVAUG6P848,0
NDAR_INVAUR9UZH4,6
NDAR_INVAUW9X5KJ,2
NDAR_INVAV2BE511,4
NDAR_INVAV9564YP,5
NDAR_INVAVEFGTH2,2
NDAR_INVAVEHHLC7,1
NDAR_INVAVGVA2V9,4
NDAR_INVAWBG0K00,4
NDAR_INVAWBNZMY0,1
NDAR_INVAWG2NZC4,1
NDAR_INVAWMVEC49,4
NDAR_INVAWP77RE3,3
NDAR_INVAWR7CA19,1
NDAR_INVAX8FD7BZ,1
NDAR_INVAXGVYABC,0
NDAR_INVAXWA8CAE,3
NDAR_INVAY1LT98N,1
NDAR_INVAY3PH51J,0
NDAR_INVAYC2PLB5,0
NDAR_INVAYCZM73P,0
NDAR_INVAYDW5XXV,2
NDAR_INVAYF05UA0,1
NDAR_INVAYL4T0GT,3
NDAR_INVAYPFM3MV,5
NDAR_INVAZ0PNBVG,3
NDAR_INVAZ4ZE28H,1
NDAR_INVAZCBM6MW,0
NDAR_INVAZPCL56V,0
NDAR_INVB0557YW8,2
NDAR_INVB05L3CJ5,0
NDAR_INVB0ADADN3,1
NDAR_INVB0G69H1H,0
NDAR_INVB0P6W6EC,0
NDAR_INVB0ZML1XP,4
NDAR_INVB120ZVGU,2
NDAR_INVB1D8CUNP,5
NDAR_INVB1DEJVMN,3
NDAR_INVB1JWNR9J,1
NDAR_INVB1T0LLC8,1
NDAR_INVB255ERX4,4
NDAR_INVB2DX8YD7,4
NDAR_INVB2KKR9FP,1
NDAR_INVB2PAU417,1
NDAR_INVB3438R23,4
NDAR_INVB349E4D3,0
NDAR_INVB3CU3GHK,0
NDAR_INVB3GLY6BU,3
NDAR_INVB3XNA40G,2
NDAR_INVB4G4RPE1,3
NDAR_INVB4XP9VV8,0
NDAR_INVB4Z249PC,6
NDAR_INVB53WHJBA,0
NDAR_INVB5LU9UPG,2
NDAR_INVB5XPKWGZ,2
NDAR_INVB72KCUK5,0
NDAR_INVB7440KXP,5
NDAR_INVB7A2MURD,0
NDAR_INVB7BG5TYR,0
NDAR_INVB7CBMZ2F,4
NDAR_INVB7CUAZH9,0
NDAR_INVB8234KWV,0
NDAR_INVB8AV1T7K,4
NDAR_INVB8G9KFMC,3
NDAR_INVB8UX2D6Y,4
NDAR_INVB8W8N3ME,2
NDAR_INVB97H0LH3,2
NDAR_INVB9BEKCD9,5
NDAR_INVB9V0KP7H,3
NDAR_INVB9WLDALN,3
NDAR_INVBB0FDDL0,4
NDAR_INVBB8UACMP,1
NDAR_INVBBH4GW2D,0
NDAR_INVBCMXWCV0,6
NDAR_INVBD3JGYKK,0
NDAR_INVBD527MYG,0
NDAR_INVBDHFHJUN,4
NDAR_INVBDMDX4EW,0
NDAR_INVBDTGBXYZ,4
NDAR_INVBDVLJXTL,5
NDAR_INVBDW1RRUR,1
NDAR_INVBDXU5BUT,4
NDAR_INVBE7CJ121,0
NDAR_INVBEADWGRU,0
NDAR_INVBEGMET5J,0
NDAR_INVBF8H4PR1,2
NDAR_INVBFJ6N0KJ,0
NDAR_INVBFWDV2VM,2
NDAR_INVBG040P9Z,1
NDAR_INVBG2Z79LC,2
NDAR_INVBGH53Z59,0
NDAR_INVBHNYRR2J,1
NDAR_INVBJ0CWVRF,1
NDAR_INVBJ2L8N9D,1
NDAR_INVBJUT8TR0,3
NDAR_INVBJVF8AGB,0
NDAR_INVBK0V5AJK,4
NDAR_INVBKAL413B,3
NDAR_INVBKFUY718,0
NDAR_INVBKHXB1E6,0
NDAR_INVBLR3A9XC,4
NDAR_INVBLZ7H5LD,5
NDAR_INVBM143U2H,1
NDAR_INVBMF1MNMV,0
NDAR_INVBMFRB748,2
NDAR_INVBMMM82AG,4
NDAR_INVBMTP1HD9,0
NDAR_INVBN1EY1AM,5
NDAR_INVBN6JZ5DM,1
NDAR_INVBN8Z67UX,0
NDAR_INVBNBBL7HY,5
NDAR_INVBNGM6V1R,1
NDAR_INVBNW6NPRK,2
NDAR_INVBNX5D9VZ,5
NDAR_INVBNXAAKCX,1
NDAR_INVBPB9W02P,0
NDAR_INVBPBXFDRZ,6
NDAR_INVBPE6600Z,2
NDAR_INVBPPLUGKN,0
NDAR_INVBR7WZCN7,5
NDAR_INVBRGDE78M,3
NDAR_INVBRMGY929,0
NDAR_INVBRT7E7UK,0
NDAR_INVBRZ3742Z,1
NDAR_INVBTCDDVU1,3
NDAR_INVBTVBZ5VX,5
NDAR_INVBU9KJZX7,1
NDAR_INVBUAM55H0,0
NDAR_INVBUT20X7W,1
NDAR_INVBUWRGTG6,3
NDAR_INVBV461JTB,1
NDAR_INVBVFT0RMG,5
NDAR_INVBVJYW4PY,0
NDAR_INVBVK1GET3,5
NDAR_INVBVRNBBNL,1
NDAR_INVBVUJB0R3,1
NDAR_INVBW85BNL5,0
NDAR_INVBWD48X0J,1
NDAR_INVBWFE6KU6,3
NDAR_INVBWMPM306,0
NDAR_INVBWTD7W8G,1
NDAR_INVBWZ4GF6V,5
NDAR_INVBX3VYZF1,4
NDAR_INVBXR1L7N8,1
NDAR_INVBXY02162,5
NDAR_INVBY8XVNJT,2
NDAR_INVBYGZT3F6,3
NDAR_INVBZ1YG32T,0
NDAR_INVBZ2GDWF1,4
NDAR_INVBZH975R2,0
NDAR_INVBZKEHZY8,5
NDAR_INVBZT4D3W2,0
NDAR_INVBZTF233W,3
NDAR_INVBZZYL1L5,2
NDAR_INVC0LR31N5,1
NDAR_INVC157K1KH,4
NDAR_INVC1E9XZ2Y,3
NDAR_INVC1T4T2DC,0
NDAR_INVC1TLGE8E,5
NDAR_INVC1VM5JUL,5
NDAR_INVC25XBH2T,3
NDAR_INVC27Z02JK,0
NDAR_INVC2V6LPG4,1
NDAR_INVC2ZLETPN,0
NDAR_INVC388V5RH,1
NDAR_INVC3AAYJ18,3
NDAR_INVC3AKNY6Y,0
NDAR_INVC3LRZTRT,4
NDAR_INVC4HKHURN,5
NDAR_INVC4KP3KCA,1
NDAR_INVC4M8E621,1
NDAR_INVC53PW1V8,0
NDAR_INVC5L95ZPX,0
NDAR_INVC63Z86E8,3
NDAR_INVC68NXGHP,3
NDAR_INVC6FH4E9F,5
NDAR_INVC6MPJ7ZF,4
NDAR_INVC6Z9A3VP,2
NDAR_INVC76VKX00,5
NDAR_INVC7HBE7N7,5
NDAR_INVC861LGDC,0
NDAR_INVC96FRWYB,4
NDAR_INVC9CUGR6X,4
NDAR_INVC9YL3K7V,1
NDAR_INVC9ZZ3NYD,3
NDAR_INVCA3F8YLV,1
NDAR_INVCA6UX1YE,4
NDAR_INVCB2NZA8D,2
NDAR_INVCB3T3T8X,1
NDAR_INVCC7178BU,0
NDAR_INVCCPGPFR1,1
NDAR_INVCCYUB5TM,4
NDAR_INVCDEVBT55,6
NDAR_INVCDNXAUT3,3
NDAR_INVCE8LF65E,0
NDAR_INVCECKJY72,0
NDAR_INVCEGFEM93,2
NDAR_INVCENTPAJU,2
NDAR_INVCFD4KND6,0
NDAR_INVCFK3HDCF,0
NDAR_INVCFPMDG7R,0
NDAR_INVCFTDDBW7,4
NDAR_INVCFYN2FEF,4
NDAR_INVCGBM7G8T,3
NDAR_INVCGEMFA5B,4
NDAR_INVCGMN92RW,0
NDAR_INVCGWV06JE,0
NDAR_INVCHJ9MR5U,1
NDAR_INVCJ001M61,6
NDAR_INVCJG4D05U,4
NDAR_INVCJHJMM1A,0
NDAR_INVCJN8VTTY,5
NDAR_INVCJW0RAFP,6
NDAR_INVCK2JFJP6,2
NDAR_INVCK4E8YDE,4
NDAR_INVCK8WM58K,2
NDAR_INVCKB3W23J,0
NDAR_INVCKTT8HAT,1
NDAR_INVCL1R63XL,4
NDAR_INVCL50XAPB,3
NDAR_INVCL9HK006,3
NDAR_INVCLA2CZ2U,0
NDAR_INVCLAFAT0D,1
NDAR_INVCLWMJ2FL,1
NDAR_INVCM5LWCBW,0
NDAR_INVCM8902RM,0
NDAR_INVCM90UZ9J,3
NDAR_INVCMBYYG5A,1
NDAR_INVCMZW3E54,3
NDAR_INVCN1HRZGC,1
NDAR_INVCNW0CYU4,0
NDAR_INVCNZEMPHG,3
NDAR_INVCP2K1NFW,3
NDAR_INVCP3Z2564,0
NDAR_INVCP854T1A,4
NDAR_INVCPMC364N,0
NDAR_INVCPT9ZT4B,1
NDAR_INVCR43W7MR,3
NDAR_INVCRKZ5CYD,0
NDAR_INVCRM6V6NX,5
NDAR_INVCRU3H91G,0
NDAR_INVCRY0YLTV,0
NDAR_INVCT178KT0,1
NDAR_INVCT6229CR,0
NDAR_INVCT6XB4BR,0
NDAR_INVCTJXAVJ2,0
NDAR_INVCTM83NPV,0
NDAR_INVCUDZ40WZ,4
NDAR_INVCUHZ4YBK,0
NDAR_INVCUPEY1Z0,1
NDAR_INVCURLTGW2,0
NDAR_INVCUYYHH2D,0
NDAR_INVCV5P454F,1
NDAR_INVCVAAN2Y5,1
NDAR_INVCVH6ELRF,1
NDAR_INVCVNFXR7V,5
NDAR_INVCVZ70012,3
NDAR_INVCVZF350C,1
NDAR_INVCW82V6Z6,4
NDAR_INVCWKWUAL1,3
NDAR_INVCWN52N9L,4
NDAR_INVCX7YWXVP,2
NDAR_INVCXGPDB42,1
NDAR_INVCXXT5U2P,4
NDAR_INVCY3FV4T9,1
NDAR_INVCY4X20TC,0
NDAR_INVCYD11BRB,1
NDAR_INVCYE071L0,1
NDAR_INVCYF28BRB,0
NDAR_INVCYMF7WT5,5
NDAR_INVCZKCFP32,5
NDAR_INVCZLHZX4C,5
NDAR_INVCZWTTCVK,0
NDAR_INVD0FLVY2Y,0
NDAR_INVD0VUNDTN,2
NDAR_INVD0WWVAGX,0
NDAR_INVD11XG6G3,0
NDAR_INVD13H7C62,4
NDAR_INVD176PR5Y,0
NDAR_INVD1C3Z8TZ,1
NDAR_INVD1EMLDV6,3
NDAR_INVD1ETWWPE,0
NDAR_INVD1JBJBFY,2
NDAR_INVD1PL1RD3,3
NDAR_INVD25VAT32,3
NDAR_INVD31ULK08,5
NDAR_INVD3H6KFFT,0
NDAR_INVD3JNF8YF,5
NDAR_INVD3TCEW2P,1
NDAR_INVD43PR719,3
NDAR_INVD4J6E7PK,0
NDAR_INVD4KGD45Y,5
NDAR_INVD4LYED11,3
NDAR_INVD52N8T9J,2
NDAR_INVD55MXB64,3
NDAR_INVD580Y1WJ,4
NDAR_INVD59G5M7D,3
NDAR_INVD5B0X85Y,0
NDAR_INVD5GDC3YC,1
NDAR_INVD5P9PY9L,0
NDAR_INVD5U7YYE5,2
NDAR_INVD5XAZXJG,0
NDAR_INVD5YA5MWR,2
NDAR_INVD66M522R,2
NDAR_INVD6F6W39J,2
NDAR_INVD6PPNY0N,0
NDAR_INVD6X8GC05,4
NDAR_INVD7969NZ4,6
NDAR_INVD7KE07MF,0
NDAR_INVD7RR0C8L,3
NDAR_INVD7YYK7CY,5
NDAR_INVD8327JHB,0
NDAR_INVD8LWX10X,0
NDAR_INVD8MMEU9B,4
NDAR_INVD8N6RPYP,2
NDAR_INVD92APFZ2,5
NDAR_INVD96NU5LH,2
NDAR_INVD9GD4VKM,5
NDAR_INVD9WZ5K8Y,2
NDAR_INVD9ZEJ36L,0
NDAR_INVDAF6VRMG,2
NDAR_INVDAY78DG2,1
NDAR_INVDAYVFF0J,3
NDAR_INVDB8CUMHL,3
NDAR_INVDBBYXNYH,2
NDAR_INVDBDZBT2K,5
NDAR_INVDC5LMY0K,4
NDAR_INVDCE53AYC,1
NDAR_INVDCRLF3FV,2
NDAR_INVDCUXCWPG,1
NDAR_INVDD69ZWF9,4
NDAR_INVDDWUHYTJ,5
NDAR_INVDE17JJG5,1
NDAR_INVDEHN3PH7,0
NDAR_INVDETFEUW4,1
NDAR_INVDETP7ENE,3
NDAR_INVDF4CFND3,1
NDAR_INVDFB4NL0N,0
NDAR_INVDG2H0995,5
NDAR_INVDG4FUC70,3
NDAR_INVDG5TKGEX,3
NDAR_INVDG951Z11,4
NDAR_INVDGP58A6H,1
NDAR_INVDGTRNE7V,1
NDAR_INVDGW9RHNK,0
NDAR_INVDHCRAR0T,2
NDAR_INVDHRF3CYT,0
NDAR_INVDHRT3GB2,4
NDAR_INVDHVY95MH,2
NDAR_INVDJHUKGLH,4
NDAR_INVDJU1GZNN,1
NDAR_INVDLE6LXEP,5
NDAR_INVDLEMTN1E,0
NDAR_INVDLR8T512,0
NDAR_INVDM4EXUCD,0
NDAR_INVDMD17V8N,0
NDAR_INVDMMAKV5Y,0
NDAR_INVDMWULU1K,2
NDAR_INVDN6HKHAW,3
NDAR_INVDP5670V4,6
NDAR_INVDPU8752W,5
NDAR_INVDPYR4KM2,6
NDAR_INVDR13TAXK,6
NDAR_INVDREL4LBY,6
NDAR_INVDRM97DTU,1
NDAR_INVDRRTEW06,0
NDAR_INVDT744K7Y,0
NDAR_INVDTKLRD8X,1
NDAR_INVDTRERMG2,0
NDAR_INVDTWEMX2Z,2
NDAR_INVDU5EVD1W,1
NDAR_INVDU5LPVRJ,5
NDAR_INVDU8NAVRN,0
NDAR_INVDUJJ740F,3
NDAR_INVDV34EFNH,2
NDAR_INVDV403EUN,0
NDAR_INVDV9BCU3J,5
NDAR_INVDVVR7GEL,2
NDAR_INVDW2F4HTC,2
NDAR_INVDWDV4K53,1
NDAR_INVDWGT6R32,1
NDAR_INVDWKHJ8MG,4
NDAR_INVDWP48R1X,0
NDAR_INVDWRFW2TP,1
NDAR_INVDXEP8X66,2
NDAR_INVDXVD4UW0,4
NDAR_INVDY0X871X,1
NDAR_INVDYACTVYF,3
NDAR_INVDYB5X09B,4
NDAR_INVDYPE3LNV,5
NDAR_INVDYR0ZBCZ,3
NDAR_INVDZDM2HFC,0
NDAR_INVE073JNG1,3
NDAR_INVE0AED7HM,0
NDAR_INVE0B9A5VN,3
NDAR_INVE0CL572F,2
NDAR_INVE0FCTWAR,3
NDAR_INVE0MBDEG1,5
NDAR_INVE198R99Y,4
NDAR_INVE1F5L504,1
NDAR_INVE1WW821K,1
NDAR_INVE1XC51DB,6
NDAR_INVE1XNAPC7,3
NDAR_INVE26BNZDK,0
NDAR_INVE26RRHNP,1
NDAR_INVE2887AGF,3
NDAR_INVE2BD0XE6,4
NDAR_INVE2GEK6A2,5
NDAR_INVE2JXEZ3N,3
NDAR_INVE3F19GUV,2
NDAR_INVE3MEFJL5,1
NDAR_INVE3V8C4N5,1
NDAR_INVE48TT5LN,0
NDAR_INVE4BZT1U8,3
NDAR_INVE4D49B9Z,4
NDAR_INVE4K5ZBE2,0
NDAR_INVE4PWCYC0,3
NDAR_INVE4T6ZUA5,1
NDAR_INVE56GMC5F,0
NDAR_INVE56RVCP5,5
NDAR_INVE5ZT034G,0
NDAR_INVE60JGBTX,2
NDAR_INVE63ZENV2,0
NDAR_INVE6ECWB2T,5
NDAR_INVE6JRKTBJ,3
NDAR_INVE6LJVFVY,5
NDAR_INVE6T95560,4
NDAR_INVE6YNKLXT,4
NDAR_INVE75NTPTJ,5
NDAR_INVE85HG9YD,1
NDAR_INVE860RUUB,1
NDAR_INVE89DPFY8,1
NDAR_INVE8L6WHAY,4
NDAR_INVE92HH5DM,4
NDAR_INVE9WF3YE7,1
NDAR_INVEAH0VU8C,3
NDAR_INVEAY771YT,5
NDAR_INVEB59FX7V,5
NDAR_INVEBFULY5Y,0
NDAR_INVEBMR55XD,2
NDAR_INVEBYKBJ5Z,0
NDAR_INVEC4FTVA6,4
NDAR_INVEC6F7NL7,0
NDAR_INVECC0UT5E,4
NDAR_INVECGB83RY,1
NDAR_INVECNVZ5MT,6
NDAR_INVED05HV5A,0
NDAR_INVED9YFTFB,4
NDAR_INVEDBGH2KG,1
NDAR_INVEDF5950W,2
NDAR_INVEDNJMEJ0,1
NDAR_INVEE6R9ATH,1
NDAR_INVEERV77GP,3
NDAR_INVEEVBDEC7,4
NDAR_INVEF0Z9NKP,1
NDAR_INVEF3A52CN,3
NDAR_INVEF5MBMJF,0
NDAR_INVEFCEPKCD,0
NDAR_INVEFEM89HR,3
NDAR_INVEG7V5UN3,1
NDAR_INVEGER8LYM,3
NDAR_INVEH3T61EE,1
NDAR_INVEH51X272,0
NDAR_INVEHDLCE0W,5
NDAR_INVEHK3MYNR,5
NDAR_INVEHM6WFDX,5
NDAR_INVEJ0L9HZA,0
NDAR_INVEJ2BUCAH,3
NDAR_INVEJ8E4U10,1
NDAR_INVEK9B02NP,4
NDAR_INVEKL2JGYR,2
NDAR_INVEKRGXJZ0,1
NDAR_INVEKYG0E33,3
NDAR_INVELJ01PAA,4
NDAR_INVELT0XBV8,3
NDAR_INVEMTC5U0K,1
NDAR_INVENJV9P26,4
NDAR_INVENV7F6EZ,3
NDAR_INVEPEE5V5J,3
NDAR_INVEPENTXVB,3
NDAR_INVEPFAURHA,3
NDAR_INVEPM1GJ03,0
NDAR_INVER3Y13P5,0
NDAR_INVER4M9TW3,1
NDAR_INVERNB4DT2,1
NDAR_INVERTEM0DZ,0
NDAR_INVERU8ZJKV,0
NDAR_INVERWG31K7,1
NDAR_INVET1RUD2W,3
NDAR_INVET79HWRK,0
NDAR_INVETEZAGR2,1
NDAR_INVETWT6P43,0
NDAR_INVEUFTT1XU,2
NDAR_INVEUXEFUP5,1
NDAR_INVEV8YYACG,1
NDAR_INVEVC26KZ4,0
NDAR_INVEVN2CFJL,3
NDAR_INVEVR33BX3,1
NDAR_INVEVXYPYFU,4
NDAR_INVEWHRTRC2,3
NDAR_INVEXB1B45G,3
NDAR_INVEXMPT9GM,0
NDAR_INVEXV8BJ4M,1
NDAR_INVEXWHLUB5,3
NDAR_INVEY3GRANZ,0
NDAR_INVEY5NUHNA,1
NDAR_INVEY67B030,2
NDAR_INVEY7BLH33,5
NDAR_INVEYAX14LC,0
NDAR_INVEYTXWY7X,1
NDAR_INVEYXZ3PDP,0
NDAR_INVEZ9M70BX,1
NDAR_INVF0GZLPC2,0
NDAR_INVF0KJB1P2,0
NDAR_INVF10GU9K6,1
NDAR_INVF1585TVY,1
NDAR_INVF1HX2W45,2
NDAR_INVF1T3HWCV,0
NDAR_INVF1W2BTPZ,0
NDAR_INVF28KN8WU,3
NDAR_INVF2BU99TZ,0
NDAR_INVF3EWHDJR,3
NDAR_INVF3XULUFD,1
NDAR_INVF3Y1JRRP,2
NDAR_INVF3YGVG6M,1
NDAR_INVF3Z2K76G,0
NDAR_INVF40W150V,2
NDAR_INVF4NKLBXV,1
NDAR_INVF4Z1R5WK,1
NDAR_INVF548JWWW,1
NDAR_INVF59ZM3ZJ,1
NDAR_INVF5AE11V8,3
NDAR_INVF5JAU1UT,3
NDAR_INVF5R46XKV,0
NDAR_INVF5TKJL3R,0
NDAR_INVF5YHY0Z0,3
NDAR_INVF61FJ1XR,2
NDAR_INVF6784XR4,0
NDAR_INVF6MPJW7M,1
NDAR_INVF6ZPU6YK,3
NDAR_INVF735JEHL,3
NDAR_INVF7E957WL,1
NDAR_INVF7F6URTR,2
NDAR_INVF7G1YTJV,3
NDAR_INVF7K681U5,2
NDAR_INVF7RLL816,4
NDAR_INVF7TYWYV2,1
NDAR_INVF86XUHXD,0
NDAR_INVF894WBDM,0
NDAR_INVF8GDZ06Y,0
NDAR_INVF8M7HCCK,4
NDAR_INVF9496V9W,0
NDAR_INVF96WG0CG,4
NDAR_INVF9AA4D38,0
NDAR_INVF9RGL53U,0
NDAR_INVF9U3MCN7,1
NDAR_INVF9V1PJH4,4
NDAR_INVFA0DV854,2
NDAR_INVFA0MG9VF,2
NDAR_INVFA2VZJ0H,0
NDAR_INVFA3PW5BW,2
NDAR_INVFA643HU5,0
NDAR_INVFA7TAR0L,2
NDAR_INVFAKM0Y7X,1
NDAR_INVFAL2YLLP,5
NDAR_INVFAM4RN2C,2
NDAR_INVFAMRPW9C,3
NDAR_INVFAUYWJ39,6
NDAR_INVFAYYH7CJ,2
NDAR_INVFB03XKRE,0
NDAR_INVFB1H93PN,1
NDAR_INVFBE9UXHG,5
NDAR_INVFBV98M5D,4
NDAR_INVFC0XL0E1,3
NDAR_INVFC1UCXDW,0
NDAR_INVFC8MZRJA,3
NDAR_INVFCN9U0EN,0
NDAR_INVFD0FRKNT,3
NDAR_INVFD69AWTA,4
NDAR_INVFDCGB66W,4
NDAR_INVFDHJC32H,5
NDAR_INVFDU2XP47,1
NDAR_INVFDWXNB9B,3
NDAR_INVFEAE6H0K,5
NDAR_INVFEKGBDCL,2
NDAR_INVFEL8XU1V,2
NDAR_INVFF0AUTMG,1
NDAR_INVFF1W5WM0,1
NDAR_INVFF516WUR,1
NDAR_INVFG9UNK15,0
NDAR_INVFGMBVN9X,4
NDAR_INVFHBXTPK5,1
NDAR_INVFHF15G0J,1
NDAR_INVFHNEW93L,3
NDAR_INVFHUW50NF,0
NDAR_INVFJ2WR5PF,5
NDAR_INVFJ47RZ0M,0
NDAR_INVFJAEBAJX,4
NDAR_INVFJC18PGG,0
NDAR_INVFJVMZ2D6,3
NDAR_INVFK3LV5VU,2
NDAR_INVFKFN7X0T,3
NDAR_INVFKJ3HUBM,3
NDAR_INVFKTJNMWU,1
NDAR_INVFKUYV9K4,0
NDAR_INVFLCZ4FD7,5
NDAR_INVFLEXAF2P,4
NDAR_INVFLGFBYD2,1
NDAR_INVFM6CBFTY,1
NDAR_INVFMFM01J8,6
NDAR_INVFMJCXXYX,2
NDAR_INVFNCXC6GH,3
NDAR_INVFNERG0W1,2
NDAR_INVFNTYG8BX,0
NDAR_INVFP0XG9V9,5
NDAR_INVFP0ZD9PP,4
NDAR_INVFPFM6B57,0
NDAR_INVFPXXMVAT,3
NDAR_INVFR8VJPEX,3
NDAR_INVFRD95FDC,3
NDAR_INVFRW1F9MA,1
NDAR_INVFRW3A0M2,2
NDAR_INVFRZNZGWR,1
NDAR_INVFT8XPNW8,0
NDAR_INVFTL7AL99,4
NDAR_INVFTMK8040,1
NDAR_INVFU3NBCDA,2
NDAR_INVFUH19LTF,0
NDAR_INVFUL1CNV5,1
NDAR_INVFUMACGW8,1
NDAR_INVFUMZH19F,1
NDAR_INVFUZWJMH9,1
NDAR_INVFVCM2D5L,3
NDAR_INVFVFMMHD7,3
NDAR_INVFVK6MXVG,2
NDAR_INVFVKL3D0C,1
NDAR_INVFVN56Y3J,4
NDAR_INVFVXF1HTH,3
NDAR_INVFWR9TP0V,0
NDAR_INVFWU0HW96,1
NDAR_INVFX004DUH,0
NDAR_INVFX2LPCN8,3
NDAR_INVFX9F9REG,2
NDAR_INVFXBFWCR0,0
NDAR_INVFXBP5YUC,0
NDAR_INVFXLHXVKE,0
NDAR_INVFYDAK53G,5
NDAR_INVFYEE30PX,0
NDAR_INVFYPMHB9X,1
NDAR_INVFYUU1CWH,0
NDAR_INVFYWWBYZH,0
NDAR_INVFZ97ZA0Z,2
NDAR_INVFZCKB9W4,5
NDAR_INVG00KTZDF,0
NDAR_INVG026P1C9,3
NDAR_INVG0JDZF1A,1
NDAR_INVG0K2DRXF,3
NDAR_INVG0MXBE3C,4
NDAR_INVG1CR55JE,0
NDAR_INVG22CUD0M,2
NDAR_INVG270KBWC,0
NDAR_INVG2H30ATD,1
NDAR_INVG2PGTD44,0
NDAR_INVG30UMJTC,1
NDAR_INVG31B74F8,1
NDAR_INVG3C96BLD,5
NDAR_INVG3LY0X86,0
NDAR_INVG3MW0943,0
NDAR_INVG48P9551,2
NDAR_INVG4GPJ9B6,2
NDAR_INVG4H2C4EH,4
NDAR_INVG4Y3RT8P,2
NDAR_INVG51E0KVR,1
NDAR_INVG5GPKJ4N,1
NDAR_INVG5XLB72Y,1
NDAR_INVG66DDVRA,0
NDAR_INVG6XAK90E,0
NDAR_INVG72BHGNU,2
NDAR_INVG7CCLJNX,3
NDAR_INVG7DT8J7N,0
NDAR_INVG7GR26KK,3
NDAR_INVG7PZ6R7T,0
NDAR_INVG83HUDJ5,3
NDAR_INVG8958BBH,0
NDAR_INVG8B9LC6Y,3
NDAR_INVG8NL3R9N,1
NDAR_INVG8RB25N1,3
NDAR_INVG97EBXTL,1
NDAR_INVG9P444MX,0
NDAR_INVG9T6CBP9,1
NDAR_INVGAFB8D70,0
NDAR_INVGB1LBZ5W,6
NDAR_INVGCK54ERY,2
NDAR_INVGD58W5N0,3
NDAR_INVGD8NMY0B,2
NDAR_INVGE15ZEP5,6
NDAR_INVGECVZYV4,0
NDAR_INVGEMRDDWL,1
NDAR_INVGEUD7WNN,1
NDAR_INVGFA6CWH3,4
NDAR_INVGFA8E732,0
NDAR_INVGFCRX7YW,3
NDAR_INVGFDAJHHZ,0
NDAR_INVGFH7TNNH,1
NDAR_INVGGDFBWCL,2
NDAR_INVGGTCPFBU,1
NDAR_INVGH5DHURH,3
NDAR_INVGH70J8FC,0
NDAR_INVGJ27R29V,3
NDAR_INVGJPM6GV9,0
NDAR_INVGK0U56AG,0
NDAR_INVGLL8G9PW,1
NDAR_INVGLM2JGDD,5
NDAR_INVGLTMA4LA,6
NDAR_INVGM7YJH08,1
NDAR_INVGMC8M2DC,2
NDAR_INVGMJ49GCH,0
NDAR_INVGMRMU1HU,5
NDAR_INVGMVWPXD7,0
NDAR_INVGMXJ0X9K,3
NDAR_INVGP0KJLU3,0
NDAR_INVGP88W2WM,0
NDAR_INVGPBCUX69,4
NDAR_INVGPCCUN0J,0
NDAR_INVGPPBRH6H,6
NDAR_INVGR2EX4NH,3
NDAR_INVGRUU9VE8,5
NDAR_INVGT7N45VY,4
NDAR_INVGTA6ENJ9,1
NDAR_INVGTKYE3LD,1
NDAR_INVGTLHXWHH,1
NDAR_INVGUBG700J,2
NDAR_INVGUGEVCM0,0
NDAR_INVGUNAAG7E,5
NDAR_INVGXEX8Z13,1
NDAR_INVGY4WAXPR,5
NDAR_INVGY65ZZBV,4
NDAR_INVGY8VBRN0,1
NDAR_INVGZRC78EX,1
NDAR_INVH0474HRG,1
NDAR_INVH04KW20B,2
NDAR_INVH0DGUW54,3
NDAR_INVH0Y1V08A,1
NDAR_INVH13A9F8Y,0
NDAR_INVH2LEDF77,2
NDAR_INVH2U1WJM2,1
NDAR_INVH37LMD3K,2
NDAR_INVH3JAB3RR,1
NDAR_INVH3MZK10Z,0
NDAR_INVH3V52378,5
NDAR_INVH4DCU3R1,5
NDAR_INVH4UTCCY9,0
NDAR_INVH55KXYRL,3
NDAR_INVH5L260UZ,5
NDAR_INVH5RD2CM2,2
NDAR_INVH5WAU70T,4
NDAR_INVH6CA8U5X,4
NDAR_INVH7TM17PE,0
NDAR_INVH8DWLYJF,2
NDAR_INVH8HNJZD4,4
NDAR_INVH8NGBTPP,1
NDAR_INVH97X81MU,3
NDAR_INVH9NZRW87,0
NDAR_INVHAP32VKJ,5
NDAR_INVHB3A8PXF,0
NDAR_INVHBY686Y9,4
NDAR_INVHC9R0C16,3
NDAR_INVHD5LEW4G,0
NDAR_INVHD6C4KL6,1
NDAR_INVHDNWHYA8,1
NDAR_INVHDX0L5M7,5
NDAR_INVHEABF6E2,4
NDAR_INVHELGE2W9,4
NDAR_INVHF0XT8CF,0
NDAR_INVHF6GWUE0,4
NDAR_INVHF78353F,0
NDAR_INVHH47Y43Z,5
NDAR_INVHHAZYG1A,2
NDAR_INVHHUAF7VW,3
NDAR_INVHJJ00HZ2,0
NDAR_INVHJX7K8DN,0
NDAR_INVHLKBLZ33,1
NDAR_INVHLRR37FK,0
NDAR_INVHMFE39RR,4
NDAR_INVHMUP5KFG,1
NDAR_INVHNER3YDN,3
NDAR_INVHR1HZ6FC,2
NDAR_INVHRTU9HVX,5
NDAR_INVHT2VVF5A,5
NDAR_INVHUVWGGUZ,2
NDAR_INVHUWXZLZA,0
NDAR_INVHVAJVTNH,4
NDAR_INVHVXDEAGU,4
NDAR_INVHW0PPV8W,3
NDAR_INVHWMBN7Y4,4
NDAR_INVHX9H807C,3
NDAR_INVHXFHEYX7,1
NDAR_INVHXH48HLR,0
NDAR_INVHXHGMVPP,0
NDAR_INVHXT4NEXA,0
NDAR_INVHXVGHWV3,3
NDAR_INVHY5L5CMP,0
NDAR_INVHZE72VNG,1
NDAR_INVHZFXERBU,1
NDAR_INVHZR13VNX,3
NDAR_INVJ19WCNEJ,1
NDAR_INVJ1EAYRFN,0
NDAR_INVJ2LAUP97,1
NDAR_INVJ2LEG1ZN,4
NDAR_INVJ3DFH4DA,0
NDAR_INVJ3PNH5ZW,4
NDAR_INVJ4RVF00H,5
NDAR_INVJ4VKABK8,1
NDAR_INVJ64MJXHT,1
NDAR_INVJ6LK5CLK,3
NDAR_INVJ6MH0EXG,1
NDAR_INVJ6XC4XEJ,1
NDAR_INVJ716H2Y0,3
NDAR_INVJ8CMYN6U,4
NDAR_INVJAD86WDH,4
NDAR_INVJCFMFR6E,3
NDAR_INVJCGH65N1,1
NDAR_INVJDZ7L3H6,1
NDAR_INVJE017PL8,2
NDAR_INVJEDEBC72,4
NDAR_INVJFMWAJZF,3
NDAR_INVJG2VGPZN,4
NDAR_INVJG8HUWJZ,6
NDAR_INVJGLXMGJ2,2
NDAR_INVJGM06GHD,3
NDAR_INVJHEF7HG0,3
NDAR_INVJHM4CTAP,3
NDAR_INVJJ2DNAR0,6
NDAR_INVJJMH6ZDT,4
NDAR_INVJJURZC29,2
NDAR_INVJJWR8W0W,1
NDAR_INVJMAK2VV0,2
NDAR_INVJMTERNYT,2
NDAR_INVJNHJGKF7,4
NDAR_INVJNMHDYGC,1
NDAR_INVJP58CZGJ,0
NDAR_INVJP978MN3,1
NDAR_INVJPKAU189,1
NDAR_INVJPM26GH0,4
NDAR_INVJR1CF0WZ,0
NDAR_INVJR7AD66J,1
NDAR_INVJRPZT0NB,0
NDAR_INVJT28AYHV,0
NDAR_INVJT2E2T8K,0
NDAR_INVJT5AUAK8,1
NDAR_INVJTA9PW0F,5
NDAR_INVJTAFGVNE,1
NDAR_INVJTU3X2VF,4
NDAR_INVJU4UKFJC,1
NDAR_INVJU6W0MXX,5
NDAR_INVJUHGFPD3,1
NDAR_INVJV3VFJD1,2
NDAR_INVJV77KDEJ,0
NDAR_INVJW94351D,3
NDAR_INVJWT4V1DP,1
NDAR_INVJWXRTDHM,5
NDAR_INVJXUKE3JB,2
NDAR_INVJYXYG81D,1
NDAR_INVJZ13P7PY,1
NDAR_INVJZCYWRZB,0
NDAR_INVJZRPKRLG,4
NDAR_INVK0L8CUTR,0
NDAR_INVK0RLYCC7,0
NDAR_INVK0RXG494,5
NDAR_INVK0U3PRRR,0
NDAR_INVK0WC1N5P,4
NDAR_INVK1WPW1EZ,1
NDAR_INVK1YWL2JC,0
NDAR_INVK20NJZWV,1
NDAR_INVK20VT80R,0
NDAR_INVK26MUJ57,6
NDAR_INVK3K5DLKW,1
NDAR_INVK4JJ20YY,4
NDAR_INVK598LFL1,6
NDAR_INVK5JP23J6,3
NDAR_INVK5MXZ6UG,5
NDAR_INVK5P234R5,1
NDAR_INVK5WWNYVF,2
NDAR_INVK62C7NW4,3
NDAR_INVK71MV1Y2,0
NDAR_INVK7H62E8W,2
NDAR_INVK8G0M5HW,0
NDAR_INVK8HVK50F,3
NDAR_INVK9A553B8,2
NDAR_INVK9E4206N,1
NDAR_INVK9N3BY03,2
NDAR_INVK9NHYCE6,0
NDAR_INVK9RPEUC1,5
NDAR_INVKAJWW29J,0
NDAR_INVKBLYK9GE,5
NDAR_INVKC4VTG9N,2
NDAR_INVKCXJ48Z1,0
NDAR_INVKDGX17KZ,2
NDAR_INVKE6Z3413,4
NDAR_INVKE8TDKAW,4
NDAR_INVKEDNL754,1
NDAR_INVKEDY719E,5
NDAR_INVKF1BUR6G,1
NDAR_INVKFGPP88F,4
NDAR_INVKFH14EDW,0
NDAR_INVKFU5W0JJ,1
NDAR_INVKGU77A38,0
NDAR_INVKGW3UL2T,0
NDAR_INVKJ4AD62E,1
NDAR_INVKJDAZKWA,0
NDAR_INVKJWLWK8U,1
NDAR_INVKK8HT4H8,0
NDAR_INVKKBJMBLJ,2
NDAR_INVKKC98J6W,0
NDAR_INVKLBUDEGD,0
NDAR_INVKLE3R4XB,1
NDAR_INVKNHT54VZ,2
NDAR_INVKNRU5BYD,5
NDAR_INVKP2NYJN2,3
NDAR_INVKP3A1LBZ,2
NDAR_INVKPZYYKTG,2
NDAR_INVKRG5L5EG,0
NDAR_INVKRNZWREV,6
NDAR_INVKTEZYKCL,3
NDAR_INVKTV6F85N,0
NDAR_INVKUN5YGKK,1
NDAR_INVKUTFEERM,3
NDAR_INVKVV9NU2R,4
NDAR_INVKVVDP6EG,3
NDAR_INVKW02LRCP,1
NDAR_INVKWBVX0UU,2
NDAR_INVKWEP6GVC,1
NDAR_INVKWF4ZB2F,2
NDAR_INVKX88859E,1
NDAR_INVKXCGMZ1Z,1
NDAR_INVKXJ9P10B,1
NDAR_INVKXMJRYPN,3
NDAR_INVKYXDJC5Z,0
NDAR_INVKYZFAAKY,3
NDAR_INVKZDAJBD7,5
NDAR_INVL03V4BU4,4
NDAR_INVL18N9A9R,0
NDAR_INVL1GF9KZ8,6
NDAR_INVL1UHN7LG,3
NDAR_INVL22VUU0E,4
NDAR_INVL24LAKCM,1
NDAR_INVL2FYHWYV,0
NDAR_INVL2RJ9HXF,1
NDAR_INVL3C0W7BT,1
NDAR_INVL3J71BFM,2
NDAR_INVL3UTWJGX,0
NDAR_INVL41WXZ15,5
NDAR_INVL456T3RZ,2
NDAR_INVL4UEG9G0,0
NDAR_INVL4W6Z6C0,3
NDAR_INVL53XA17C,3
NDAR_INVL5JWH5WB,1
NDAR_INVL5KEXX4Y,0
NDAR_INVL7GB4EN0,1
NDAR_INVL7GG9GJV,5
NDAR_INVL7KKBD44,4
NDAR_INVL8HJ4BVC,1
NDAR_INVL8MTLH03,1
NDAR_INVL8VU0XRA,4
NDAR_INVL97KGCAC,6
NDAR_INVL9KCH70W,0
NDAR_INVLA4MCMBY,5
NDAR_INVLB0H15T3,0
NDAR_INVLB1UUZT7,2
NDAR_INVLBB0TDL0,3
NDAR_INVLBELG3A6,4
NDAR_INVLBWER7ME,5
NDAR_INVLBWL1VE1,0
NDAR_INVLBXNVNEW,2
NDAR_INVLBZW40WR,5
NDAR_INVLCBWCWVF,0
NDAR_INVLCHL1WZR,0
NDAR_INVLCX3T8HU,2
NDAR_INVLCYH9EDJ,0
NDAR_INVLEF14KHY,0
NDAR_INVLEH6BPD5,5
NDAR_INVLEZ9WYBX,4
NDAR_INVLFDWXZH4,0
NDAR_INVLG46HHB0,4
NDAR_INVLGHA598L,5
NDAR_INVLGJH5VV9,0
NDAR_INVLGZ21X0T,2
NDAR_INVLH3PCFW1,3
NDAR_INVLJ74B5M8,5
NDAR_INVLJ8NB5W8,1
NDAR_INVLJZ1B688,1
NDAR_INVLK12P4A5,3
NDAR_INVLKDHWPWF,3
NDAR_INVLKF7L58W,3
NDAR_INVLKNX6HF1,2
NDAR_INVLLC8XX9N,4
NDAR_INVLLUH8L20,1
NDAR_INVLM81WCFX,2
NDAR_INVLMRC8HMX,2
NDAR_INVLN9JCZ56,3
NDAR_INVLP57P64D,2
NDAR_INVLP7DY7CH,1
NDAR_INVLPY5VAXY,0
NDAR_INVLR6BN87U,4
NDAR_INVLRB2Z0NK,3
NDAR_INVLTFXTGJ0,0
NDAR_INVLVJNK52B,0
NDAR_INVLVLGKC0B,0
NDAR_INVLVW41722,3
NDAR_INVLW0J7PJB,4
NDAR_INVLW127JFT,1
NDAR_INVLWRKNUN1,1
NDAR_INVLX09YB8N,5
NDAR_INVLX0YXH5F,2
NDAR_INVLXAZHZFG,5
NDAR_INVLXEAXZ7M,0
NDAR_INVLXZ3RPWB,1
NDAR_INVLY0ZDHGV,5
NDAR_INVLZ0V0F16,0
NDAR_INVLZBR5BLJ,6
NDAR_INVLZEPNXZU,3
NDAR_INVLZF5ZK83,4
NDAR_INVLZUEMGGJ,5
NDAR_INVM0JXYXX1,0
NDAR_INVM0L87M5X,4
NDAR_INVM255ZJ8M,4
NDAR_INVM2M5XX56,1
NDAR_INVM2R7LWZ1,4
NDAR_INVM3902G6F,3
NDAR_INVM3JM9ARN,1
NDAR_INVM3LU9WJM,1
NDAR_INVM4MC3HPC,0
NDAR_INVM50LU9VD,3
NDAR_INVM5F9LGBU,1
NDAR_INVM5GN30FZ,1
NDAR_INVM5M4VXYD,4
NDAR_INVM6781J8F,4
NDAR_INVM6PPNLBL,1
NDAR_INVM70F0J7W,0
NDAR_INVM7175YDC,1
NDAR_INVM7B2FF2Y,3
NDAR_INVM7T4Y22R,2
NDAR_INVM7YD6387,1
NDAR_INVM826RRL7,5
NDAR_INVM86N4GZV,1
NDAR_INVM89ZJM03,0
NDAR_INVM8P79888,5
NDAR_INVM8YJ4H0V,1
NDAR_INVM8YR6UAH,3
NDAR_INVM96ND9WX,0
NDAR_INVMAZCGHX3,0
NDAR_INVMBF2NK39,3
NDAR_INVMBWZMZ7V,1
NDAR_INVMC12A6UB,4
NDAR_INVMC8MF8RY,5
NDAR_INVMCTA6E68,1
NDAR_INVMD2PYDUH,2
NDAR_INVMD3JLFR5,1
NDAR_INVMDEU4XC0,2
NDAR_INVMDWZP1FT,1
NDAR_INVMEZY36AN,0
NDAR_INVMF445X55,5
NDAR_INVMF4B9XWV,1
NDAR_INVMF6NM996,4
NDAR_INVMFHTK0W6,4
NDAR_INVMH4PJ6L9,1
NDAR_INVMHC4X2ZU,2
NDAR_INVMHCA4296,4
NDAR_INVMHDDJ00W,3
NDAR_INVMHJ04F4G,0
NDAR_INVMJB4F3FB,0
NDAR_INVMK9LW258,0
NDAR_INVMKPR1T1N,1
NDAR_INVMKW7RNZ8,1
NDAR_INVMM0GMFCC,0
NDAR_INVMMY60CD5,0
NDAR_INVMMZP7T96,3
NDAR_INVMN57ZM5A,4
NDAR_INVMNJ9X217,1
NDAR_INVMNL567Y1,0
NDAR_INVMP1NHUFC,3
NDAR_INVMP7JC377,1
NDAR_INVMP8R9ZFP,4
NDAR_INVMPFRT30T,1
NDAR_INVMRH2PB50,1
NDAR_INVMRMZKMZ1,3
NDAR_INVMT5RKZJE,4
NDAR_INVMT695KBU,4
NDAR_INVMTVMYZRH,3
NDAR_INVMTVTFDC0,5
NDAR_INVMU02E5YC,3
NDAR_INVMU98HMRL,3
NDAR_INVMVB45W2X,1
NDAR_INVMWC4BV86,4
NDAR_INVMXGV952X,0
NDAR_INVMXLXZNG2,3
NDAR_INVMY85AAAM,1
NDAR_INVMZ0E548E,0
NDAR_INVMZLYE6WZ,0
NDAR_INVN10J6V21,4
NDAR_INVN2MD051W,2
NDAR_INVN2TF0U03,0
NDAR_INVN3AV35WW,1
NDAR_INVN4800E3M,0
NDAR_INVN4DBED7D,1
NDAR_INVN4G2HXY1,2
NDAR_INVN5FRRMAK,1
NDAR_INVN66GLBBM,2
NDAR_INVN6E9XK0R,0
NDAR_INVN6EULLPB,0
NDAR_INVN7MH5976,0
NDAR_INVN87U1DM1,4
NDAR_INVN8V7KR39,2
NDAR_INVN93CC8AU,3
NDAR_INVN93YP92E,4
NDAR_INVN9X5J0M6,1
NDAR_INVNA7M4ME8,2
NDAR_INVNB03VB7J,5
NDAR_INVNB7DWNKK,4
NDAR_INVNC0VMHJK,1
NDAR_INVNCUV83U4,2
NDAR_INVND5XWHDF,3
NDAR_INVNE28ULRV,5
NDAR_INVNEJ8RBUG,5
NDAR_INVNEPC9JXH,2
NDAR_INVNGT8NC5C,4
NDAR_INVNHBWEUN0,2
NDAR_INVNHF7ECGW,1
NDAR_INVNHRALH87,0
NDAR_INVNHZ8AAGB,1
NDAR_INVNJ0YZWA1,4
NDAR_INVNJA6E3NT,5
NDAR_INVNJZ90LJV,1
NDAR_INVNK028N92,2
NDAR_INVNK12ULUJ,3
NDAR_INVNKDAKNDG,0
NDAR_INVNKHR1FP8,4
NDAR_INVNLDXXNVV,2
NDAR_INVNM82BUZL,0
NDAR_INVNMRZ1KX9,3
NDAR_INVNNNG8Z3V,1
NDAR_INVNP1K27ZZ,5
NDAR_INVNP4AJ4XW,0
NDAR_INVNP98F2ZZ,1
NDAR_INVNP9P3E2H,5
NDAR_INVNR3D78P1,1
NDAR_INVNR53UYUX,1
NDAR_INVNT6BJVLB,5
NDAR_INVNT7CZNMZ,4
NDAR_INVNTAR3TAF,0
NDAR_INVNTB9DCL8,5
NDAR_INVNU2URG3T,5
NDAR_INVNUKK77ZR,1
NDAR_INVNUNMDE7M,1
NDAR_INVNUWHUFKV,0
NDAR_INVNV04JNKA,1
NDAR_INVNW7JFAN8,2
NDAR_INVNW8EEBWY,4
NDAR_INVNWMRHTJT,3
NDAR_INVNWMZAR95,0
NDAR_INVNWRWBM61,0
NDAR_INVNX5G08HC,1
NDAR_INVNX9NHTTU,0
NDAR_INVNXU172XX,1
NDAR_INVNXWTX9VX,1
NDAR_INVNY5R8N51,1
NDAR_INVNY9E48W0,5
NDAR_INVNZ6PNAL2,0
NDAR_INVNZ90MJVP,2
NDAR_INVP023WXRZ,0
NDAR_INVP16001A3,5
NDAR_INVP1WDXV8E,1
NDAR_INVP32CZKYP,3
NDAR_INVP38LCGFT,4
NDAR_INVP3LDF3U5,0
NDAR_INVP3MH0EFB,3
NDAR_INVP4AK4PTK,0
NDAR_INVP4MAFBPM,5
NDAR_INVP4YPBFFH,1
NDAR_INVP55M5T0X,1
NDAR_INVP5GR1HMP,1
NDAR_INVP5J0UJXG,0
NDAR_INVP5YNWP3D,0
NDAR_INVP65TV30G,1
NDAR_INVP68163M4,0
NDAR_INVP69PZ8N4,1
NDAR_INVP6U14LUE,1
NDAR_INVP6ZT1BJE,1
NDAR_INVP7KEYEU0,3
NDAR_INVP7YTV29E,4
NDAR_INVP8CFEA4E,0
NDAR_INVP8D1V80P,1
NDAR_INVP93WF83K,2
NDAR_INVP96GJ0M8,4
NDAR_INVP9BJ97CT,0
NDAR_INVP9HUU6KM,2
NDAR_INVPAJ2K2CD,1
NDAR_INVPATH0UC3,1
NDAR_INVPATP4RPG,1
NDAR_INVPBPLCYPE,0
NDAR_INVPBXK8FNA,1
NDAR_INVPCBB86LH,1
NDAR_INVPCH8JM5B,0
NDAR_INVPCHJT5DP,5
NDAR_INVPDV2UAGX,1
NDAR_INVPEFTDJ7B,4
NDAR_INVPF3UJTKW,2
NDAR_INVPGR93KR4,1
NDAR_INVPGW66JN0,0
NDAR_INVPH4BZ3KW,5
NDAR_INVPH84UZAC,2
NDAR_INVPHGUL1Z3,0
NDAR_INVPHWBVRBU,0
NDAR_INVPJ80XL8H,5
NDAR_INVPJF841VD,3
NDAR_INVPKNB0CKK,2
NDAR_INVPL13NA8X,4
NDAR_INVPL7L6GEM,3
NDAR_INVPLA9JVTC,5
NDAR_INVPLJ4JZJA,1
NDAR_INVPLP1WVXM,5
NDAR_INVPMC2DEDN,6
NDAR_INVPMWGZ7G1,4
NDAR_INVPN3M8KBK,0
NDAR_INVPNF8BAGH,4
NDAR_INVPPEYYCZV,0
NDAR_INVPR3T5MAK,2
NDAR_INVPRLTKVRN,0
NDAR_INVPRX26ZJ6,6
NDAR_INVPRZDG64U,4
NDAR_INVPT3ZPKCT,5
NDAR_INVPTK9T3R5,1
NDAR_INVPTKFKAVR,1
NDAR_INVPTM61L43,5
NDAR_INVPTV6A941,1
NDAR_INVPTVMXPMF,0
NDAR_INVPU3WY23M,4
NDAR_INVPUGJUJZ2,2
NDAR_INVPUHZMWL7,2
NDAR_INVPURW8L0G,4
NDAR_INVPUYA9796,2
NDAR_INVPUZVE4U5,1
NDAR_INVPV2C6C1M,0
NDAR_INVPV6F4UYA,0
NDAR_INVPW35MYY5,5
NDAR_INVPWDDAD3B,0
NDAR_INVPWL6YB2C,5
NDAR_INVPX0NC4FE,2
NDAR_INVPX2DGJHP,2
NDAR_INVPXA33ZKY,1
NDAR_INVPXA96T93,6
NDAR_INVPXF7PDPX,3
NDAR_INVPZ7DT6XF,6
NDAR_INVPZAWPXFB,4
NDAR_INVPZDDVLGW,1
NDAR_INVR09UG23J,3
NDAR_INVR0J4APPX,2
NDAR_INVR1JFZ70M,6
NDAR_INVR2EMBDV7,5
NDAR_INVR2T9NUK9,5
NDAR_INVR2ZJ2UV5,0
NDAR_INVR3B0DNU6,0
NDAR_INVR3GH8J7X,1
NDAR_INVR3JXE4GH,3
NDAR_INVR3T709BD,1
NDAR_INVR44LUUEZ,0
NDAR_INVR4PV7WZ3,1
NDAR_INVR5VKKRM9,3
NDAR_INVR62PJ1EJ,0
NDAR_INVR76W27PF,1
NDAR_INVR7WFN9E7,1
NDAR_INVR85P7XPP,5
NDAR_INVR8PHHL7V,3
NDAR_INVR9AJ27WZ,4
NDAR_INVR9WMMP2W,5
NDAR_INVRAZNX234,1
NDAR_INVRAZRBGAL,3
NDAR_INVRBJT537E,6
NDAR_INVRDCUTM3A,3
NDAR_INVRDXFBTYA,2
NDAR_INVREBD8GTZ,3
NDAR_INVREFXMF6L,0
NDAR_INVRELT7MMW,1
NDAR_INVRF2ULZ5M,3
NDAR_INVRFFGJ02J,4
NDAR_INVRFNDEMN8,0
NDAR_INVRFNPYVUU,1
NDAR_INVRFXUXZJB,4
NDAR_INVRFZCD1EJ,4
NDAR_INVRG6U88KM,3
NDAR_INVRGP7HTB4,3
NDAR_INVRGVY0VAU,2
NDAR_INVRJ67E8PE,0
NDAR_INVRJEWEY29,3
NDAR_INVRJPAKY38,5
NDAR_INVRJY2T5DU,5
NDAR_INVRKVU6VEC,4
NDAR_INVRKYXUEXM,3
NDAR_INVRLG26UPV,1
NDAR_INVRLL3TP2P,2
NDAR_INVRLP5AH5E,0
NDAR_INVRLXEPYKB,0
NDAR_INVRMAND772,5
NDAR_INVRMH1RF1E,0
NDAR_INVRMNMGK77,4
NDAR_INVRMTA5CWA,1
NDAR_INVRMV0P0FV,4
NDAR_INVRPED5RXE,6
NDAR_INVRPFT44DU,5
NDAR_INVRR22WRZJ,1
NDAR_INVRRR6XT5R,1
NDAR_INVRRT6GJ3T,1
NDAR_INVRT4HRE6Z,4
NDAR_INVRT64RNWZ,0
NDAR_INVRTDH8349,1
NDAR_INVRTLY443G,1
NDAR_INVRTZP6F8K,1
NDAR_INVRU1UMG5J,4
NDAR_INVRUKL1DUN,0
NDAR_INVRUVAZC2F,0
NDAR_INVRUVFBX1L,0
NDAR_INVRV23D3UV,0
NDAR_INVRVDEH2YJ,2
NDAR_INVRVKDMDNH,5
NDAR_INVRVM5WTB0,3
NDAR_INVRW4NW1FC,1
NDAR_INVRW8117A7,3
NDAR_INVRW8AFCLZ,2
NDAR_INVRW8JB8M2,4
NDAR_INVRWJ75TWZ,0
NDAR_INVRX2KLC0M,0
NDAR_INVRX41226B,0
NDAR_INVRXDY2EL7,3
NDAR_INVRXKGP8CG,1
NDAR_INVRY4YXW7M,0
NDAR_INVRY96FYZ8,3
NDAR_INVRZ1BPZ6J,4
NDAR_INVRZAM8ZX0,0
NDAR_INVRZKD7P3T,4
NDAR_INVT0056CXX,4
NDAR_INVT06LDPZU,0
NDAR_INVT0J4DFC4,2
NDAR_INVT12VNXF2,2
NDAR_INVT185E8M5,3
NDAR_INVT1JDV64B,1
NDAR_INVT226J5Y3,3
NDAR_INVT27UF3XK,1
NDAR_INVT2V8UJ3M,4
NDAR_INVT3PA9AKY,1
NDAR_INVT472A3DT,0
NDAR_INVT4NLHUX4,1
NDAR_INVT4R7JDBE,0
NDAR_INVT5EXYEGX,1
NDAR_INVT6E1MJ14,6
NDAR_INVT6RAMNH2,6
NDAR_INVT6RG755A,6
NDAR_INVT6Z99TKW,5
NDAR_INVT7HVBTRE,4
NDAR_INVT88PYFND,2
NDAR_INVT8KRKTVN,2
NDAR_INVT9E1CUGM,0
NDAR_INVT9RH5R7B,5
NDAR_INVTAFX2KWR,1
NDAR_INVTAN0M8LG,2
NDAR_INVTAP6MEMP,1
NDAR_INVTAPZKUPL,5
NDAR_INVTATNKDNJ,4
NDAR_INVTB7KL2UL,0
NDAR_INVTB8BMPV1,2
NDAR_INVTBJX7XV9,0
NDAR_INVTBLPMR08,2
NDAR_INVTCRZTUB8,1
NDAR_INVTDLKZKEB,3
NDAR_INVTDXHD95M,4
NDAR_INVTE65EW0X,4
NDAR_INVTEANAMH4,2
NDAR_INVTEGHFYFP,2
NDAR_INVTEV935XF,4
NDAR_INVTFJ2LGCD,2
NDAR_INVTFPK1DRW,0
NDAR_INVTH0VHX42,4
NDAR_INVTHF11PAH,0
NDAR_INVTHX3BFMR,0
NDAR_INVTK4DJ93H,1
NDAR_INVTKLRCCP0,1
NDAR_INVTN9RVYB1,2
NDAR_INVTNKV2H46,4
NDAR_INVTP3NTJB0,3
NDAR_INVTRGFZFT8,1
NDAR_INVTT0WEJUX,0
NDAR_INVTT9JRJDR,3
NDAR_INVTTWDRHK8,5
NDAR_INVTTYCH8LT,2
NDAR_INVTU4MAPYT,4
NDAR_INVTV25YAN3,0
NDAR_INVTVGCT5T2,2
NDAR_INVTVZVDPG7,3
NDAR_INVTW72EVWM,1
NDAR_INVTWB035Y1,1
NDAR_INVTYLXLE83,5
NDAR_INVTZ6EYWUJ,1
NDAR_INVTZCLUNW2,0
NDAR_INVTZUFYJ76,3
NDAR_INVU05WUH4L,2
NDAR_INVU11NYL5H,5
NDAR_INVU11WDWJ8,1
NDAR_INVU2UT8NAW,2
NDAR_INVU390V94C,0
NDAR_INVU3XLKGUY,4
NDAR_INVU3YXR5KN,2
NDAR_INVU3ZHJV5Z,1
NDAR_INVU575WJ15,3
NDAR_INVU5T2LA5F,5
NDAR_INVU65A7DKA,0
NDAR_INVU6F8X730,5
NDAR_INVU6KP4B6G,2
NDAR_INVU7276YU8,0
NDAR_INVU7DNCYGM,0
NDAR_INVU7WWPJ0M,0
NDAR_INVU80WLNR2,4
NDAR_INVU8AGD1P3,5
NDAR_INVU8X5T2WD,2
NDAR_INVU9PBHU15,3
NDAR_INVU9VKB2N8,2
NDAR_INVUA34TJP4,4
NDAR_INVUB6TZMWL,2
NDAR_INVUBCDJ64P,0
NDAR_INVUBFY4UNN,1
NDAR_INVUBKLVB72,5
NDAR_INVUBLUW5AM,0
NDAR_INVUBV5LDKV,1
NDAR_INVUC3J0UH9,5
NDAR_INVUCF0VBM1,3
NDAR_INVUCM7Z8R7,1
NDAR_INVUCUU472H,2
NDAR_INVUDKZF62L,0
NDAR_INVUDMDZKBV,1
NDAR_INVUEP9AVEL,1
NDAR_INVUEVZC0HH,4
NDAR_INVUEW7XU6N,5
NDAR_INVUF00N1FK,3
NDAR_INVUFVGYBER,4
NDAR_INVUGD7DXX7,0
NDAR_INVUH6R1YZV,3
NDAR_INVUHUVY3KZ,6
NDAR_INVUJTA9MD9,1
NDAR_INVUK58FDWG,4
NDAR_INVUKEHKCA6,1
NDAR_INVUM8RJJDZ,1
NDAR_INVUN2A7AA5,0
NDAR_INVUN55AXTE,1
NDAR_INVUN80YW88,0
NDAR_INVUNZ46TB8,5
NDAR_INVUP3WUX7T,5
NDAR_INVUP5T3PT9,3
NDAR_INVUP7C1R7C,4
NDAR_INVUPB6NM85,1
NDAR_INVUR7GBKPR,1
NDAR_INVURFDN3WC,0
NDAR_INVURG8199G,0
NDAR_INVURNYZ0V7,5
NDAR_INVURPDWTVH,1
NDAR_INVURYDCKP1,4
NDAR_INVUTEVFWND,1
NDAR_INVUTVE98D5,5
NDAR_INVUU2VUW5T,1
NDAR_INVUU9P706U,0
NDAR_INVUUP2MCRU,1
NDAR_INVUVHFPBMC,4
NDAR_INVUVP8NKL5,4
NDAR_INVUVXX7NXJ,1
NDAR_INVUW2UNAF1,2
NDAR_INVUWKTE50R,2
NDAR_INVUX20B6L5,1
NDAR_INVUXJ71XMK,6
NDAR_INVUXXJ24L8,1
NDAR_INVUY1UGEA3,0
NDAR_INVUYU4JRJA,1
NDAR_INVUZMCUYWY,1
NDAR_INVUZMRNA0C,4
NDAR_INVUZYC1YD6,2
NDAR_INVV0032JDG,0
NDAR_INVV00NCT0L,2
NDAR_INVV0AKNDFH,5
NDAR_INVV0L5J7B4,4
NDAR_INVV0UVZ6YT,1
NDAR_INVV1LRPT07,3
NDAR_INVV24BU329,3
NDAR_INVV2J19CN2,1
NDAR_INVV2Y2RFVK,1
NDAR_INVV381L7JK,2
NDAR_INVV44PK83V,6
NDAR_INVV4GUZKKA,0
NDAR_INVV4RPD9NA,3
NDAR_INVV4VB3611,2
NDAR_INVV4XY140Z,5
NDAR_INVV4ZYD9PL,3
NDAR_INVV50A837R,0
NDAR_INVV5TKBR0Y,1
NDAR_INVV7341H8G,0
NDAR_INVV7J7HV7U,1
NDAR_INVV7NEVHLK,1
NDAR_INVV7RTRM32,0
NDAR_INVV81U1DVC,1
NDAR_INVV8VK6RGX,0
NDAR_INVV9BM1RB5,0
NDAR_INVVAMKAM75,2
NDAR_INVVAYBMVXD,1
NDAR_INVVBH246B9,1
NDAR_INVVCAHYYKD,0
NDAR_INVVCKR7V40,1
NDAR_INVVCLE058V,2
NDAR_INVVD3KF4HE,0
NDAR_INVVD8NUGKM,0
NDAR_INVVDT3APC1,6
NDAR_INVVE6MPVNE,2
NDAR_INVVEMKCEWD,3
NDAR_INVVF47E1YM,5
NDAR_INVVF539UBP,1
NDAR_INVVF5B2JT1,4
NDAR_INVVFKCK80B,1
NDAR_INVVFM4VWWG,0
NDAR_INVVGMX0BPT,1
NDAR_INVVGNCVUXB,0
NDAR_INVVH4YPG9H,5
NDAR_INVVH6HJA0V,1
NDAR_INVVH9C9R1J,2
NDAR_INVVHBYV2NC,0
NDAR_INVVJ4BVBAV,4
NDAR_INVVJBX89D6,1
NDAR_INVVK4U0K21,3
NDAR_INVVKF7FYHA,1
NDAR_INVVKPJ803Y,1
NDAR_INVVM3WVMV7,3
NDAR_INVVMHC7BEX,1
NDAR_INVVMHTUJHX,3
NDAR_INVVN0L0E6W,3
NDAR_INVVNKYK7HM,1
NDAR_INVVP326VDY,2
NDAR_INVVP45XG3A,0
NDAR_INVVR6JW9BP,5
NDAR_INVVR8GJJYB,1
NDAR_INVVT22AKPY,5
NDAR_INVVUD7L4FZ,1
NDAR_INVVUMNAHPB,2
NDAR_INVVUWVUYDA,1
NDAR_INVVV1MH68R,1
NDAR_INVVV5V2KXY,1
NDAR_INVVWH7ZJJR,2
NDAR_INVVWLNFNMG,1
NDAR_INVVWRA1CDF,5
NDAR_INVVX605DH1,4
NDAR_INVVXN3Y1F1,4
NDAR_INVVXPUM3HJ,0
NDAR_INVVXVWAKTA,2
NDAR_INVVZ1LY5EP,0
NDAR_INVVZ37D2G7,1
NDAR_INVVZ76D1UR,5
NDAR_INVVZ900L8H,4
NDAR_INVVZYWE87C,1
NDAR_INVW0DAL2AW,0
NDAR_INVW0F348LV,5
NDAR_INVW1A2WG25,5
NDAR_INVW1A54N56,4
NDAR_INVW1BFMH04,0
NDAR_INVW1J6282F,2
NDAR_INVW2L5FYC0,1
NDAR_INVW2RV7L97,2
NDAR_INVW323P74D,4
NDAR_INVW482U9L4,3
NDAR_INVW4HWHZAF,1
NDAR_INVW4W8HGP2,0
NDAR_INVW6GWG9J4,5
NDAR_INVW7D6ATVH,2
NDAR_INVW834HZGR,0
NDAR_INVW8DZJNGD,2
NDAR_INVWA8516BB,2
NDAR_INVWAE6MMYC,2
NDAR_INVWAFKK7PK,1
NDAR_INVWAVA878R,6
NDAR_INVWCXC72GD,0
NDAR_INVWD9X0GKT,0
NDAR_INVWDCENDZ9,1
NDAR_INVWDG85F4T,0
NDAR_INVWDLCWZL7,1
NDAR_INVWEJF6GXD,1
NDAR_INVWENNTD21,4
NDAR_INVWEV9M1BE,3
NDAR_INVWFL8DCPR,0
NDAR_INVWFLYAP7P,0
NDAR_INVWGVKC3KK,2
NDAR_INVWGVUPXFB,1
NDAR_INVWGWA2P38,6
NDAR_INVWGZNJCT7,0
NDAR_INVWHXE421P,0
NDAR_INVWKGFMVUC,3
NDAR_INVWLGJB3DZ,5
NDAR_INVWLMWBF2W,2
NDAR_INVWM5G0ZB2,0
NDAR_INVWMKGJZXX,2
NDAR_INVWMPY0NCV,5
NDAR_INVWNKZ5Z4L,1
NDAR_INVWNTT8WKJ,3
NDAR_INVWNUXY3KF,4
NDAR_INVWP0ZYHN3,3
NDAR_INVWPCCMHG1,4
NDAR_INVWT40ZG52,4
NDAR_INVWTF6LNUW,6
NDAR_INVWV30VA2P,0
NDAR_INVWVMTXLEH,1
NDAR_INVWVVCYC6W,2
NDAR_INVWW1770EM,0
NDAR_INVWWPVPJAA,1
NDAR_INVWXF9B2KG,2
NDAR_INVWY3GY9NE,5
NDAR_INVWYD2KHZZ,1
NDAR_INVWYH5Z4YR,2
NDAR_INVWYN5XJBL,1
NDAR_INVWZHDTM6W,5
NDAR_INVWZJ7FKG5,0
NDAR_INVX09F55B8,4
NDAR_INVX16TFXG3,2
NDAR_INVX192FE67,1
NDAR_INVX1VBLPUJ,1
NDAR_INVX20XV71D,5
NDAR_INVX2PGR753,1
NDAR_INVX2T12EWL,6
NDAR_INVX34ZUB94,0
NDAR_INVX3GM1J59,3
NDAR_INVX3GV1FW0,5
NDAR_INVX5JNFW1C,6
NDAR_INVX5JWUPX9,0
NDAR_INVX5TE9J4F,0
NDAR_INVX6MC634B,1
NDAR_INVX7KKFJ5E,0
NDAR_INVX7RUVFDV,0
NDAR_INVX86DXRAK,2
NDAR_INVX8CRJYVP,1
NDAR_INVX8D3JRAH,0
NDAR_INVX8HAGH4H,1
NDAR_INVX8K6JBAD,5
NDAR_INVX8T8BNJK,0
NDAR_INVX9XKM89P,5
NDAR_INVX9YK296T,4
NDAR_INVXALFHN4F,0
NDAR_INVXARVLWJ2,4
NDAR_INVXAUM8TGK,4
NDAR_INVXBB6NT2L,2
NDAR_INVXC2KNGXL,0
NDAR_INVXC2KX82P,1
NDAR_INVXCLJFBW4,1
NDAR_INVXCYGNLG5,0
NDAR_INVXE1AD04X,5
NDAR_INVXFL1L8T2,1
NDAR_INVXFURZ24F,2
NDAR_INVXG13EX2M,6
NDAR_INVXHG35TUW,0
NDAR_INVXHKRJC1C,1
NDAR_INVXHZL9KN7,1
NDAR_INVXJ2454AG,1
NDAR_INVXJJJJXGF,5
NDAR_INVXJK60DCE,1
NDAR_INVXK6GKFTM,2
NDAR_INVXKA5TREH,5
NDAR_INVXKJEN0E0,4
NDAR_INVXL4DGB3P,5
NDAR_INVXL4UCXMM,0
NDAR_INVXLF39KRG,0
NDAR_INVXLFHB010,5
NDAR_INVXLYL6ZUB,1
NDAR_INVXM0N4RE4,0
NDAR_INVXMM70ENL,1
NDAR_INVXMNM5XM7,1
NDAR_INVXMWVP3Y9,2
NDAR_INVXP05C9RL,2
NDAR_INVXPH3884U,1
NDAR_INVXPLRAK5R,0
NDAR_INVXPY9ELR7,0
NDAR_INVXRCY6PFC,2
NDAR_INVXRP6TZGT,1
NDAR_INVXRWF7AVL,4
NDAR_INVXT2DPHB8,1
NDAR_INVXTBCPTH4,4
NDAR_INVXTN3RGA3,5
NDAR_INVXTRH94BW,1
NDAR_INVXTUP2ECD,2
NDAR_INVXU8K8M57,0
NDAR_INVXUJFABEC,5
NDAR_INVXUKGU6HY,4
NDAR_INVXUKXXT12,0
NDAR_INVXUT1RZUJ,4
NDAR_INVXV7ACNJ4,1
NDAR_INVXV9TRYCZ,4
NDAR_INVXVA5ENX1,5
NDAR_INVXVAB3PXP,1
NDAR_INVXVT1UD9C,1
NDAR_INVXVUGTFV5,1
NDAR_INVXW6WYXN6,2
NDAR_INVXWFVHF57,2
NDAR_INVXWKLKMG1,1
NDAR_INVXXKJDH17,2
NDAR_INVXY905VNM,3
NDAR_INVXYLTMBZ9,3
NDAR_INVY064R00W,5
NDAR_INVY0M892WU,3
NDAR_INVY0MJVZ0T,4
NDAR_INVY17ZU37V,0
NDAR_INVY1HUK71Z,3
NDAR_INVY2BPM655,2
NDAR_INVY2DXN8WF,3
NDAR_INVY2EFVF4F,3
NDAR_INVY2R1V4KT,1
NDAR_INVY2YCRABT,0
NDAR_INVY43H2LJL,0
NDAR_INVY4FZKKCZ,4
NDAR_INVY4NY9NDV,1
NDAR_INVY4WGB6A3,0
NDAR_INVY5TT545M,3
NDAR_INVY5VUA73W,0
NDAR_INVY5XMUWB0,5
NDAR_INVY6FE3R8A,5
NDAR_INVY6HBB319,3
NDAR_INVY6Y6PY7G,6
NDAR_INVY8CPCJJ3,1
NDAR_INVY9845LHL,0
NDAR_INVY98NL5JN,0
NDAR_INVYA6B3A5N,0
NDAR_INVYACV3T0T,2
NDAR_INVYAVZM6F1,0
NDAR_INVYBPWDCF6,0
NDAR_INVYC3LF9NG,0
NDAR_INVYC42VRVF,2
NDAR_INVYCL4R17D,5
NDAR_INVYDEWFLED,0
NDAR_INVYDMW8MYL,2
NDAR_INVYDTVRPWV,0
NDAR_INVYEJ0162B,0
NDAR_INVYFEYLAJN,4
NDAR_INVYFMUX7R3,3
NDAR_INVYFW72521,5
NDAR_INVYG5DUTT0,5
NDAR_INVYGBUZKCW,0
NDAR_INVYGPAVGFJ,3
NDAR_INVYH3BPP7A,0
NDAR_INVYJA9K9F8,5
NDAR_INVYKFPYD54,0
NDAR_INVYLKWWGJ2,3
NDAR_INVYLNRHT83,4
NDAR_INVYLNVG3N7,0
NDAR_INVYLTE2PT9,3
NDAR_INVYM29ZAGR,0
NDAR_INVYN1N2HYA,3
NDAR_INVYNCHCTAD,1
NDAR_INVYP13X9BR,5
NDAR_INVYPJK6AC5,2
NDAR_INVYRBADWT5,4
NDAR_INVYRVP8LV1,0
NDAR_INVYRW56GJ2,0
NDAR_INVYRZULCBY,5
NDAR_INVYTX6A82H,1
NDAR_INVYU20X3EV,3
NDAR_INVYU8GX8G7,6
NDAR_INVYVCJPTME,1
NDAR_INVYVJATKX1,6
NDAR_INVYVMG87GD,4
NDAR_INVYW9MFMW8,3
NDAR_INVYWCJTCBW,5
NDAR_INVYWEY5YL9,1
NDAR_INVYXFTUKDF,4
NDAR_INVYXGKVZAY,0
NDAR_INVYXHBN74V,0
NDAR_INVYXRGTMYM,1
NDAR_INVYZ0U1DGC,0
NDAR_INVYZ0ZBG85,3
NDAR_INVYZGRYL84,0
NDAR_INVYZURN14T,1
NDAR_INVZ02PLW9B,4
NDAR_INVZ0RUM99Y,0
NDAR_INVZ174YN3F,1
NDAR_INVZ1KX2326,0
NDAR_INVZ1WNHT63,0
NDAR_INVZ1WUT8NP,5
NDAR_INVZ20Z6JR3,1
NDAR_INVZ3N5A33N,5
NDAR_INVZ48R1346,4
NDAR_INVZ49U1FM4,0
NDAR_INVZ4CLR1NX,0
NDAR_INVZ4DPYEX3,1
NDAR_INVZ4V1KGHH,6
NDAR_INVZ4YHXYLW,0
NDAR_INVZ547MN37,3
NDAR_INVZ5M1W790,1
NDAR_INVZ5T7BWT5,3
NDAR_INVZ6EXYCV3,2
NDAR_INVZ6ZWJ1W6,0
NDAR_INVZ88J0G50,2
NDAR_INVZ90Z4BH0,4
NDAR_INVZ9JJMKT5,0
NDAR_INVZCCLLLCW,4
NDAR_INVZCCYZY0V,0
NDAR_INVZCG5V8NV,1
NDAR_INVZCGL10MP,1
NDAR_INVZD57Y0V7,5
NDAR_INVZDH7P33G,4
NDAR_INVZDYWHP34,1
NDAR_INVZE514MKM,1
NDAR_INVZEAUYCZF,3
NDAR_INVZF1WFHR3,4
NDAR_INVZF36X5F8,6
NDAR_INVZG4U8G7X,0
NDAR_INVZH7LD600,3
NDAR_INVZJEG08WY,0
NDAR_INVZJHF566H,3
NDAR_INVZJV3HZEF,5
NDAR_INVZK8052MG,2
NDAR_INVZKJXBJMM,3
NDAR_INVZKT1BV8Y,1
NDAR_INVZL4VD4CA,2
NDAR_INVZLEFF9ZA,0
NDAR_INVZMMCVRWG,0
NDAR_INVZPTGXKT8,3
NDAR_INVZR16R6Y3,1
NDAR_INVZR9NMJBR,2
NDAR_INVZT44Y065,4
NDAR_INVZTPV9V4Z,3
NDAR_INVZTWTFU2A,0
NDAR_INVZU3J1NFC,1
NDAR_INVZUJYFZPW,1
NDAR_INVZUXHPX3N,1
NDAR_INVZV54BWRE,1
NDAR_INVZWAPL39H,4
NDAR_INVZWP0XZ9A,0
NDAR_INVZYC44GB8,1
NDAR_INVZZFG6J5U,0
NDAR_INVZZL0VA2F,2
